Hardware version;Id;Latitude;Longitude;Name
TAPV2.2;4322;-33,968539;18,629362;Abedare_Primary_School - SQD_WC_G_28 
TAPV2.2;4341;-29,236118;27,374599;Meulplaas - SQD_FS_G_76 
TAPV2.2;4344;-29,554787;30,300613;Hilton_MW - SQD_ZN_G_160 
TAPV2.2;4345;-25,32748;31,01835;White River - SQD_MP_G_20 
TAPV2.2;4348;-26,142405;28,214734;ABS_Jenny - SQD_GP_R_275 
TAPV2.2;435E;-26,276457;28,01054;Mondeor - SQD_GP_G_117
TAPV2.2;4369;-26,359292;27,398449;Carletonville_MW - SQD_GP_G_105 
TAPV2.2;436A;-29,769855;30,948659;Castle_Hill - SQD_ZN_G_262
TAPV2.2;436C;-29,195959;26,817539;Selosesha - SQD_FS_G_45 
TAPV2.2;436D;-33,891597;19,101476; Le_Roux_B_Atlas - SQD_WC_G_144
TAPV2.2;436E;-24,518683;28,711912;Naboomspruit - SQD_LP_G_11 
TAPV2.2;4371;-29,229065;26,730433;Botshabelo_Iclix - SQD_FS_G_84
TAPV2.2;4372;-25,604017;27,996557;Ga_Rankuwa - SQD_GP_G_110 
TAPV2.2;4376;-34,38705;21,4112389;Stilbaai_West - SQD_WC_G_254
TAPV2.2;4377;-33,817112;18,552571;Atlas_Gardens - SQD_WC_G_180 
TAPV2.2;4378;-25,474539;30,983197;Electra_Nelspruit - SQD_MP_G_88
TAPV2.2;4379;-26,244514;27,940926;Diepkloof - SQD_GP_G_217
TAPV2.2;437B;-26,003502;28,414806;Bapsfontein - SQD_GP_G_128 
TAPV2.2;4398;-33,715052;18,558036;Koeberg_Hill - SQD_WC_G_49
TAPV2.2;43C9;-29,904539;30,923637;Umhlatuzana - SQD_ZN_G_179
TAPV2.2;43CC;-33,969849;18,464714;Teraco_Cape_Town - SQD_WC_I_17
TAPV2.2;43CD;-34,032537;24,759625;Humansdorp_West - SQD_EC_G_172
TAPV2.2;43CF;-31,914368;28,731281;Elliotdale - SQD_EC_G_103 
TAPV2.2;43D0;-29,606441;31,031645;Hazelmere_Dam - SQD_ZN_G_265
TAPV2.2;43D1;-33,931707;18,871232;Uni_Stellenbosch - SQD_WC_R_139 
TAPV2.2;43D3;-26,077713;28,195683;Chloorkop - SQD_GP_G_36
TAPV2.2;43D4;-25,892133;25,617905;Magogwe - SQD_NW_G_143
TAPV2.2;43D5;-34,142084;18,33714;Kommetjie - SQD_WC_G_47 
TAPV2.2;43D7;-26,299463;28,0616;Mulbarton Primary - SQD_GP_G_78
TAPV2.2;43D8;-34,071972;23,042277;Brenton - SQD_WC_G_74 
TAPV2.2;43D9;-26,094411;28,08974;Marlboro - SQD_GP_G_70
TAPV2.2;43DA;-33,700468;18,99706;Groeneheuwel_Primary - SQD_WC_G_114
TAPV2.2;43DB;-25,93437;27,927085;Lanseria - SQD_GP_G_69
TAPV2.2;43DC;-26,135334;27,739959;Shezi_City - SQD_GP_G_25 
TAPV2.2;43DF;-33,586792;26,910369;Port_Alfred - SQD_EC_G_129 
TAPV2.2;4,30E+06;-26,359832;28,385021;Vuyani_Primary_School_ATLAS - SQD_GP_G_240
TAPV2.2;4,30E+07;-26,128362;28,286252;Brentwood - SQD_GP_G_210
TAPV2.2;43EA;-26,25884;28,083998;Risana - SQD_GP_G_147
TAPV2.2;43EB;-34,02503;24,429696;Kareedouw_MW - SQD_EC_G_51
TAPV2.2;43EC;-32,94259;27,700869;Assemblies_of_God_Mdantsane_Atlas - SQD_EC_G_256
TAPV2.2;43ED;-31,159354;28,955336;Qumbu_MW - SQD_EC_G_78 
TAPV2.2;43EE;-27,219898;25,960305;Wolmaranstad - SQD_NW_G_40
TAPV2.2;43EF;-26,076621;27,923285;Honeydew - SQD_GP_G_34 
TAPV2.2;43F2;-33,649011;25,590165;Grass_Ridge - SQD_EC_G_98
TAPV2.2;43F3;-26,367678;27,891145;Zakariyya_Park - SQD_GP_G_307 
TAPV2.2;43F5;-34,044971;18,465452;Heathfield - SQD_WC_R_132 
TAPV2.2;43F6;-30,393166;17,914553;Kharkams_MW - SQD_NC_G_22 
TAPV2.2;43F8;-32,081968;27,949907;Tsomo_MW - SQD_EC_G_106 
TAPV2.2;43F9;-34,010652;20,466344;Swellendam - SQD_WC_G_79 
TAPV2.2;43FA;-34,160628;18,879139;Somerset_West_Jenny - SQD_WC_R_154
TAPV2.2;43FB;-31,670726;29,178173;Old_Bunting - SQD_EC_G_104 
TAPV2.2;43FC;-33,942134;20,120504;Bonnievale - SQD_WC_G_99 
TAPV2.2;441F;-34,065383;20,087706;Stormsvlei - SQD_WC_G_80 
TAPV2.2;4420;-25,807833;28,524599;Bronkhorstspruit_MW - SQD_GP_G_102
TAPV2.2;4422;-26,1423;27,8392;Grobler_Park_ATGA881M - SQD_GP_G_526
TAPV2.2;4423;-22,903342;30,21418;Tshirombani - SQD_LP_G_97 
TAPV2.2;4424;-25,991248;28,066682;Kyalami - SQD_GP_G_13
TAPV2.2;4437;-25,749051;28,132505;Pretoria West - SQD_GP_G_68 
TAPV2.2;4438;-30,366985;30,699708;Kelso - SQD_ZN_G_305
TAPV2.2;4462;-28,516726;27,0133;Winburg - SQD_FS_G_144
TAPV2.2;4463;-31,665363;18,508793;Vredendal_Telk - SQD_WC_G_90
TAPV2.2;4464;-27,429395;29,165023;Vrede - SQD_FS_G_53 
TAPV2.2;4465;-25,742903;27,555913;Mooinooi_351368 - SQD_NW_G_129
TAPV2.2;4466;-25,98965;27,93978;Millgate_351769 - SQD_GP_G_505
TAPV2.2;4467;-34,084462;20,726161;Van_Rheenens_Crest - SQD_WC_G_78
TAPV2.2;4468;-26,828619;26,652245;La_Hoff_Laerskool_Atlas - SQD_NW_G_137
TAPV2.2;4469;-29,65555;31,05503;Valdin_Heights_350845 - SQD_ZN_G_393
TAPV2.2;4470;-25,827504;28,204839;Lyttleton - SQD_GP_G_57 
TAPV2.2;447D;-26,723859;27,079742;Hoer_Volkskool_Potch - SQD_NW_G_97 
TAPV2.2;447E;-26,812353;30,441172;Busby_Jenny - SQD_MP_G_121
TAPV2.2;447F;-25,652285;26,70357;Swartruggens_AP55_TrueCom - SQD_NW_G_65 
TAPV2.2;4482;-26,911656;27,447223;Parys_Wes - SQD_FS_G_33 
TAPV2.2;4483;-32,280987;27,141189;Cathcart - SQD_EC_G_69 
TAPV2.2;4484;-26,419341;28,472533;Nigel_Telkom - SQD_GP_G_246 
TAPV2.2;4485;-32,488847;24,054002;Aberdeen - SQD_EC_G_63
TAPV2.2;4487;-25,70832;28,19224;Les_Marais - SQD_GP_G_441
TAPV2.2;4489;-25,721877;28,403746;Moretwa_Helios -SQD_GP_G_590
TAPV2.2;448B;-25,085045;28,306027;Radium - SQD_LP_G_19
TAPV2.2;448C;-30,555266;29,423422;Hagons_Place - SQD_ZN_G_104 
TAPV2.2;448E;-25,332407;31,002328;White_River_Electra - SQD_MP_G_91
TAPV2.2;448F;-26,177555;27,705485;Randfontein - SQD_GP_G_72
TAPV2.2;4490;-29,318908;31,271635;Stanger_Manor - SQD_ZN_G_275 
TAPV2.2;4491;-28,859026;31,292932;Entumeni - SQD_ZN_G_166 
TAPV2.2;4495;-25,756178;28,237009;PTA_University_Iclix - SQD_GP_R_233
TAPV2.2;449B;-30,495074;25,97373;Bethulie - SQD_FS_G_154
TAPV2.2;449C;-26,163392;26,173748;Litchtenburg_South_Truecom - SQD_NW_G_69 
TAPV2.2;449D;-27,916808;24,819547;Jankempdorp - SQD_NC_G_13
TAPV2.2;44A0;-29,956203;30,986792;Treasure_Beach - SQD_ZN_G_253
TAPV2.2;44A2;-34,042885;24,92111;Jeffreys_Bay - SQD_EC_G_22
TAPV2.2;44A4;-25,948593;28,482786;Witpoort_Jenny - SQD_GP_G_253
TAPV2.2;44A5;-26,507035;29,860508;Sterkfontein - SQD_MP_G_30
TAPV2.2;44A6;-31,565373;26,650778;Esperenza - SQD_EC_G_47
TAPV2.2;44A7;-27,778192;30,799649;Vryheid_South_Atlas - SQD_ZN_G_206
TAPV2.2;44A8;-25,88613;29,22447;Witbank_High - SQD_MP_G_197
TAPV2.2;44A9;-25,46707;30,93843;Matsafeni_351603 - SQD_MP_G_190
TAPV2.2;44AA;-29,902483;31,034355;Cave_Rock - SQD_ZN_G_204 
TAPV2.2;44AB;-34,1897889;19,7674806;Bo_Vrede - SQD_WC_G_224
TAPV2.2;44AC;-32,957064;27,722369;Mdantsane_South_Atlas - SQD_EC_G_149
TAPV2.2;44AD;-34,434458;19,223641;Hermanus_CP - SQD_WC_R_165 
TAPV2.2;44AF;-33,330305;19,318935;Ceres - SQD_WC_G_105
TAPV2.2;44B1;-32,369906;22,569119;Die_Ark_Atlas - SQD_WC_G_303
TAPV2.2;44B2;-34,172973;24,81934;St_Francis_Bay - SQD_EC_G_24
TAPV2.2;44B3;-33,830695;18,506988;Table_View - SQD_WC_G_34 
TAPV2.2;44B4;-28,504479;27,933842;Rosendale_ETE - SQD_FS_G_151
TAPV2.2;44B5;-32,940162;27,758393;Mdantsane - SQD_EC_G_84 
TAPV2.2;44B7;-30,477458;29,842732;Rietvlei_Dect - SQD_ZN_G_349
TAPV2.2;44B8;-28,444341;21,233573;Upington_MW - SQD_NC_G_04
TAPV2.2;44B9;-32,20006;26,81255;Sada_MW - SQD_EC_G_99
TAPV2.2;44BB;-33,286947;26,706736;Governorskop - SQD_EC_G_30 
TAPV2.2;44BC;-33,82595;18,6055;Kanonkop - SQD_WC_G_31 
TAPV2.2;44BD;-29,625559;30,428275;Willowton - SQD_ZN_G_59 
TAPV2.2;44BE;-30,810148;30,330444;Zibambeleni_Old_Age_Home_Atlas - SQD_ZN_G_310 
TAPV2.2;44C1;-32,983977;21,686265;Prince_Albert_Rd - SQD_WC_G_63
TAPV2.2;44C3;-33,011433;17,939328;St_Andrews_Primary_Atlas - SQD_WC_G_298
TAPV2.2;44C4;-29,874056;30,993959;Glenwood - SQD_ZN_G_264
TAPV2.2;44C7;-28,145277;31,876101;Hlabisa - SQD_ZN_G_130
TAPV2.2;44C9;-29,872543;30,272407;Richmond - SQD_ZN_G_111
TAPV2.2;44CA;-30,037814;30,883769;Kingsway_West - SQD_ZN_G_248
TAPV2.2;44CC;-26,493011;27,493921;Fochville_ETE - SQD_GP_G_487
TAPV2.2;44CF;-33,477063;19,681704;De_Doorns_Hill - SQD_WC_G_58
TAPV2.2;44D0;-30,788211;30,180179;Wilsons_ Cutting - SQD_ZN_G_100
TAPV2.2;44D2;-29,370624;31,233783;Beacon - SQD_ZN_G_257
TAPV2.2;44D3;-25,997143;27,536283;Magaliesburg_ETE - SQD_GP_G_525
TAPV2.2;44D4;-33,533496;21,688296;Calitzdorp - SQD_WC_G_285
TAPV2.2;44D6;-31,655808;28,009246;Ngcobo_LCOM - SQD_EC_G_138
TAPV2.2;44D9;-33,090549;18,033447;Langebaan - SQD_WC_G_52
TAPV2.2;44DB;-28,081688;26,881899;Harmony - SQD_FS_G_03
TAPV2.2;44DC;-33,790435;18,460547;Bloubergstrand_CP - SQD_WC_R_202 
TAPV2.2;44DD;-32,347818;22,575311;Beaufort_West - SQD_WC_G_66
TAPV2.2;44DE;-27,663381;27,234143;Adami_Iclix - SQD_FS_R_90
TAPV2.2;44DF;-25,634253;26,866256;Woodstock - SQD_NW_G_10
TAPV2.2;4,40E+01;-28,743768;31,891613;Empangani - SQD_ZN_G_83
TAPV2.2;4,40E+02;-29,805237;30,816092;Kloof_MW - SQD_ZN_G_157 
TAPV2.2;4,40E+04;-32,919216;17,996708;AME_Vredenburg_Atlas - SQD_WC_G_146
TAPV2.2;4,40E+05;-33,018943;18,987934;Porterville_Atlas - SQD_WC_G_148
TAPV2.2;4,40E+06;-27,778588;31,313557;Khambi_Cnc_Telkom - SQD_ZN_G_75 
TAPV2.2;4,40E+08;-34,022746;18,366292;Hout_Bay - SQD_WC_R_130 
TAPV2.2;450E;-26,268649;29,261126;Kriel_Jenny - SQD_MP_G_134
TAPV2.2;4556;-26,396393;27,869213;Kiasha_Park_Atlas - SQD_GP_G_268 
TAPV2.2;4557;-25,679089;27,203403; Evangelies_Gereformeerde_Kerk_353016 - SQD_NW_G_142
TAPV2.2;4559;-34,002153;23,408143;Keurbooms - SQD_WC_G_71
TAPV2.2;455A;-33,818441;19,883482;Muiskraalkop_Robertson - SQD_WC_G_141 
TAPV2.2;455B;-29,658519;17,882868;Springbok - SQD_NC_G_18
TAPV2.2;455C;-33,363787;19,313312;Ceres_Agrico_Atlas - SQD_WC_G_143
TAPV2.2;455D;-34,017921;22,468227;Pacaltsdorp - SQD_WC_G_75
TAPV2.2;455F;-33,768375;25,397916;Uitenhage - SQD_EC_G_14
TAPV2.2;4560;-28,239543;28,341645;Pilanshoek - SQD_FS_G_55
TAPV2.2;4562;-34,180519;22,090858;KWANONQABA - SQD_WC_G_107 
TAPV2.2;457C;-33,98237;25,56289;Greenshields_351008 - SQD_EC_G_249
TAPV2.2;457D;-30,836902;29,398183;Mount_Ayliff - SQD_EC_G_38 
TAPV2.2;4970;-29,963314;30,892535;Umlazi - 350770 - SQD_ZN_G_252
TAPV2.2;4977;-34,054899;23,321842;KwaNokuthula - SQD_WC_G_72 
TAPV2.2;497A;-33,97728;25,598595;Walmer - SQD_EC_G_09 
TAPV2.2;497C;-26,173103;28,211675;Witfield - SQD_GP_G_29
TAPV2.2;497D;-32,639252;28,18112;Keightleys_Kop - SQD_EC_G_114
TAPV2.2;497E;-28,744742;24,749015;Kimberly - SQD_NC_G_01
TAPV2.2;497F;-27,49204;28,857282;Leeukop_1 - SQD_FS_G_24
TAPV2.2;4981;-26,200765;28,092399;Malvern_High - SQD_GP_G_43
TAPV2.2;4982;-32,994965;26,266908;Skietkloof_MW - SQD_EC_G_100
TAPV2.2;4983;-26,124782;28,365433;Crystal_Park - SQD_GP_G_163
TAPV2.2;4986;-26,128106;27,971716;Cresta - SQD_GP_G_20
TAPV2.2;4987;-26,07254;27,974908;Malibongwe Interchange - SQD_GP_G_17 
TAPV2.2;4989;-34,035004;23,05165;Knysna_Exchange - SQD_WC_G_110 
TAPV2.2;498A;-26,08521;28,281288; Pomona - SQD_GP_G_138
TAPV2.2;498B;-26,103552;28,050744;ATC_SA_Offices - SQD_GP_R_175
TAPV2.2;498C;-26,23693;28,07015;Regents_Park - SQD_GP_G_446
TAPV2.2;498D;-29,222358;30,019915;Mooi_River - SQD_ZN_G_245 
TAPV2.2;498E;-29,890955;30,938386;Hillary_Football_Club - SQD_ZN_G_266
TAPV2.2;498F;-29,851735;30,751849;Damini - SQD_ZN_G_263 
TAPV2.2;4990;-26,810894;26,005765;Ottosdal_AP85_TrueCom - SQD_NW_G_76 
TAPV2.2;4991;-25,962205;28,097638;Witpoort_Atlas - SQD_GP_G_538
TAPV2.2;4992;-29,84417;31,00705;Dartnell_Crescent - SQD_ZN_G_405
TAPV2.2;4993;-28,694538;26,459487;Brandfort - SQD_FS_G_50
TAPV2.2;4995;-27,621454;32,030232;Mkuze - SQD_ZN_G_244 
TAPV2.2;4997;-29,877399;30,908176;Escombe - SQD_ZN_G_190
TAPV2.2;4999;-28,245298;28,300933;Bethlehem - SQD_FS_G_29 
TAPV2.2;499B;-33,375297;18,888157;Riebeeck_Kasteel_CP - SQD_WC_R_172 
TAPV2.2;499C;-33,471583;18,710149;Malmesbury_Agrico_Atlas - SQD_WC_G_142
TAPV2.2;499D;-29,761681;31,001894;Avoca_Hills - SQD_ZN_G_256 
TAPV2.2;499E;-33,77413;18,959168;Courtrai - SQD_WC_G_171 
TAPV2.2;499F;-25,640288;27,214564;Thlabane - SQD_NW_G_07
TAPV2.2;49A1;-25,792038;28,158038;Thaba_Tswane - SQD_GP_G_167 
TAPV2.2;49A2;-30,587037;23,500869;Britstown - SQD_NC_G_30
TAPV2.2;49A3;-30,7052;25,1007;Colesberg_Atlas - SQD_NC_G_54
TAPV2.2;49A5;-26,963311;24,754595;Vryburg_Industrial_VB32_TrueCom - SQD_NW_G_73 
TAPV2.2;49A6;-25,375167;28,238586;Refilwe_Day_Care_Centre - SQD_GP_G_231 
TAPV2.2;49A7;-26,258985;27,997312;Robertsham-350094 - SQD_GP_G_228
TAPV2.2;49A8;-29,667878;17,883464;Springbok_Temp - SQD_NC_R_52 
TAPV2.2;49AB;-24,356987;29,314095;ZEBEDIELA - SQD_LP_G_28 
TAPV2.2;49AC;-23,922912;30,818039;Lekkersmaak - SQD_LP_G_58 
TAPV2.2;49AD;-32,947133;27,978225;Gonubie_Palms_Atlas - SQD_EC_G_255
TAPV2.2;49AE;-27,167991;28,70187;Welkom_Farm - SQD_FS_G_99
TAPV2.2;49AF;-32,339706;28,166853;Cuba - SQD_EC_G_43 
TAPV2.2;49B0;-31,902627;26,942231;Ezibeleni - SQD_EC_G_67 
TAPV2.2;49B1;-29,604635;30,379696;Pietermaritzburg - SQD_ZN_R_227
TAPV2.2;49B4;-29,122463;26,208321;Bloemfontein_Iclix - SQD_FS_G_81
TAPV2.2;49B6;-30,926031;28,982552;Mount_Frere - SQD_EC_G_123
TAPV2.2;49B8;-29,784428;31,035419;Durban_North - SQD_ZN_G_255
TAPV2.2;49B9;-32,97358;27,898781;Cambridge_Park - SQD_EC_G_04
TAPV2.2;49BD;-24,295023;28,122012;Vaalwater - SQD_LP_G_108 
TAPV2.2;49BF;-26,101753;28,338957;Burrows SA - SQD_GP_G_196 
TAPV2.2;49C0;-24,190431;28,996853;Mokopane_South - SQD_LP_G_100 
TAPV2.2;49C1;-26,497979;29,984792;Hanger_Jenny - SQD_MP_G_117 
TAPV2.2;49C3;-25,516073;31,326577;Matsula - SQD_MP_G_52
TAPV2.2;49C4;-33,925931;18,763728;Ribbokkop_Jenny - SQD_WC_G_204
TAPV2.2;49C6;-25,519287;30,778526;Berlin_Electra - SQD_MP_G_83
TAPV2.2;49C7;-33,943705;18,687551;Kuilsriver_Industria - SQD_WC_G_123 
TAPV2.2;49C8;-26,817555;26,682944;Doringkruin_Klerksdorp_Iclix - SQD_NW_G_61
TAPV2.2;49CA;-27,950954;27,595851;Wesselsdeel - SQD_FS_G_62 
TAPV2.2;49CB;-27,565494;24,748382;Taung - SQD_NW_G_34 
TAPV2.2;49CC;-28,242595;28,309521;Eureka_Iclix - SQD_FS_G_94 
TAPV2.2;49CE;-28,592706;31,400027;Melmoth_Jenny - SQD_ZN_G_222 
TAPV2.2;49CF;-29,543204;31,195209;Zimbali_ZEMA_Workshop - SQD_ZN_G_273 
TAPV2.2;49D3;-29,392842;30,766398;Glenside - SQD_ZN_G_172 
TAPV2.2;49D4;-27,016302;29,864483;Amersfoort - SQD_MP_G_32
TAPV2.2;49D5;-33,187622;18,667595;Moreesburg - SQD_WC_G_87 
TAPV2.2;49D7;-26,227372;28,473028;Bakerton - SQD_GP_G_225
TAPV2.2;49D8;-34,099168;18,853612;Somerset_West_Industrial - SQD_WC_G_39
TAPV2.2;49D9;-23,839137;29,388792;Samuel_Thema_Primary_Atlas - SQD_LP_G_111
TAPV2.2;49DA;-26,530577;29,990488;Ermelo_Office_Jenny - SQD_MP_G_116 
TAPV2.2;49DB;-29,93655;30,849773;Welbedaght_RDS_Atlas - SQD_ZN_G_339
TAPV2.2;49DD;-32,020611;27,80365;Tsomo_LCom_SQD_EC_G_137
TAPV2.2;49DE;-27,974928;30,729686;Emondlo- SQD_ZN_G_287
TAPV2.2;4,90E+02;-30,656247;23,993192;De_Aar - SQD_NC_G_05
TAPV2.2;4,90E+04;-26,843208;26,774012;Name: Stilfontein_Iclix - SQD_NW_G_63
TAPV2.2;4,90E+07;-22,882315;30,056598;Tshituni - SQD_LP_G_96
TAPV2.2;4,90E+09;-27,21362;27,500784;Roodepoort - SQD_FS_G_08
TAPV2.2;4,90E+10;-26,109236;27,872336;Little_Falls_Jenny - SQD_GP_R_247
TAPV2.2;49EA;-29,904218;30,899011;Alencon_Primary_Atlas - SQD_ZN_G_232 
TAPV2.2;49EC;-28,553389;28,776714;Dithotaneng - SQD_FS_G_59 
TAPV2.2;49EF;-33,724672;18,964658;Reformed_Church_Paarl_Atlas - SQD_WC_G_155
TAPV2.2;49F0;-25,840052;28,270225;Elardus_Park - SQD_GP_G_168
TAPV2.2;49F1;-29,836568;30,995474;Overport - SQD_ZN_G_03
TAPV2.2;49F2;-29,052467;26,199357;Woodlands_Iclix - SQD_FS_G_79
TAPV2.2;49F4;-26,66232;28,58802;Balfour - SQD_MP_G_178
TAPV2.2;49F6;-26,062705;28,230323;Birchleigh - SQD_GP_G_40
TAPV2.2;49F8;-26,229598;28,433405;Petersfield - SQD_GP_G_182 
TAPV2.2;49F9;-26,040214;28,068037;Sunninghill - SQD_GP_G_02
TAPV2.2;49FA;-34,047753;18,593627;Goliath - SQD_WC_G_122 
TAPV2.2;49FB;-26,884391;28,988919;Gables - SQD_MP_G_69
TAPV2.2;49FC;-27,746808;30,09112;Dicks_Road - SQD_ZN_G_153
TAPV2.2;49FE;-29,103756;26,31586;Irene Iclix - SQD_FS_G_78
TAPV2.2;4A01;-32,830284;27,200029;Dimbaza_Dect - SQD_EC_G_157
TAPV2.2;4A02;-28,777804;20,610326;Kakamas - SQD_NC_G_27
TAPV2.2;4A04;-26,021888;28,008093;Fourways - SQD_GP_G_53
TAPV2.2;4A05;-29,86836;30,85874; Klaarwater - SQD_ZN_G_40
TAPV2.2;4A06;-25,330746;31,104135;Kabokwenie_Electra - SQD_MP_G_99
TAPV2.2;4A07;-26,965975;30,787097;PR51_Jenny - SQD_MP_G_119 
TAPV2.2;4A08;-29,848664;30,902558;Dawncliffe - SQD_ZN_G_176 
TAPV2.2;4A09;-32,909964;27,756792;Sandisiwe - SQD_EC_G_85
TAPV2.2;4A0B;-28,736525;29,822846;Colenso - SQD_ZN_G_66 
TAPV2.2;4A0C;-29,698416;31,018055;Sunford - SQD_ZN_G_180 
TAPV2.2;4A0D;-29,73271;31,027462;Southgate - SQD_ZN_G_09 
TAPV2.2;4A0E;-29,954962;30,870311;Umlazi_Unit_8 - SQD_ZN_G_194 
TAPV2.2;4A0F;-29,106803;29,973563;Mooi_River_MW - SQD_ZN_G_117
TAPV2.2;4A10;-25,707215;30,234739;Assmang_Chrome - SQD_MP_G_76
TAPV2.2;4A11;-26,312115;28,007898;Kibler_Park_ETE - SQD_GP_G_450
TAPV2.2;4A12;-32,933953;27,995663;Gonubie_Industria - SQD_EC_G_125
TAPV2.2;4A14;-32,765548;26,657509;Fort Beaufort - SQD_EC_G_76
TAPV2.2;4A15;-33,989142;25,666184;Summerstrand - SQD_EC_G_11
TAPV2.2;4A16;-33,290201;26,552634;Kings_Flat - SQD_EC_G_176
TAPV2.2;4A17;-26,151971;28,416131;Daveyton - SQD_GP_G_269
TAPV2.2;4A18;-25,994783;29,038749;Phola - SQD_MP_G_145
TAPV2.2;4A1A;-28,812878;29,523267;Winterton_West - SQD_ZN_G_304
TAPV2.2;4A1B;-27,261449;28,507698;Namahadi_Atlas - SQD_FS_G_108 
TAPV2.2;4A1C;-26,11387;27,94761;Ridge Terrace - SQD_GP_G_350
TAPV2.2;4A20;-33,280055;26,840052;Houkoers - SQD_EC_G_31 
TAPV2.2;4A23;-27,002399;26,688815;Orkney_Iclix - SQD_NW_G_62
TAPV2.2;4A24;-25,778311;28,380813;Hazeldean - SQD_GP_G_56
TAPV2.2;4A25;-28,089745;27,138175;Ventersburg - SQD_FS_G_106
TAPV2.2;4A29;-26,08946;28,06316;Sandown_North_350200 - SQD_GP_G_409
TAPV2.2;4A2B;-29,857145;31,021148;Durban_Taj_Mahal - SQD_ZN_R_04
TAPV2.2;4A2C;-26,172265;27,758658;Azaadville - SQD_GP_G_137
TAPV2.2;4A2D;-33,802917;25,589475;Taxi_Atlas - SQD_EC_G_148
TAPV2.2;4A4F;-26,864382;26,67107;Exodus_Klerksdorp_Iclix - SQD_NW_G_85
TAPV2.2;4A50;-31,754577;18,689071;Gifberg - SQD_WC_G_140 
TAPV2.2;4A52;-29,650697;30,379453;Bisley - SQD_ZN_G_261 
TAPV2.2;4A54;-32,969588;27,939134;Beacon_Bay - SQD_EC_G_03 
TAPV2.2;4A56;-33,638925;19,448701;Worcester - SQD_WC_G_56 
TAPV2.2;4A57;-26,322011;27,680308;Simunye_Dect - SQD_GP_G_286
TAPV2.2;4A59;-34,051094;18,498494;Grassy_Park_High - SQD_WC_G_124 
TAPV2.2;4A5A;-28,226941;28,308626;Bethlehem_Ind - SQD_FS_G_28
TAPV2.2;4A5B;-26,702432;27,118939;HTS_POTCH - SQD_NW_G_98
TAPV2.2;4A5D;-28,444186;29,740336;Peacetown - SQD_ZN_G_285
TAPV2.2;4A5E;-32,606329;18,932524;Piekenierskloof - SQD_WC_G_88 
TAPV2.2;4A5F;-26,123398;27,857148;Wilropark_ETE - SQD_GP_G_489
TAPV2.2;4A61;-25,585115;31,072813;Uitkyk_Electra - SQD_MP_G_84
TAPV2.2;4A62;-23,892042;29,462642;Magazyn_353227 - SQD_LP_G_149
TAPV2.2;4A63;-25,516285;28,06212;Mabopane - SQD_GP_G_111 
TAPV2.2;4A64;-34,040125;18,368447;Hout_Bay_CP - SQD_WC_R_203 
TAPV2.2;4A66;-26,956633;24,738392;Vryburg_East - SQD_NW_G_27
TAPV2.2;4A67;-29,981232;30,871048;Umlazi_Unit24 - SQD_ZN_G_409
TAPV2.2;4A68;-26,210636;28,121616;CIRTECH_LAB_5
TAPV2.2;4A69;-31,219292;28,195073;Ardelblom_LCOM - SQD_EC_G_140
TAPV2.2;4A6A;-25,803285;28,295055;Constansia Park - SQD_GP_G_143 
TAPV2.2;4A6C;-25,812187;28,108342;Zwartkops - SQD_GP_G_333
TAPV2.2;4A6D;-25,703562;28,349205;Ndima_Primary - SQD_GP_G_284 
TAPV2.2;4A70;-24,743252;29,649224;Kome - SQD_LP_G_61
TAPV2.2;4A71;-29,172202;26,221055;Hamilton_Exch - SQD_FS_G_17
TAPV2.2;4A72;-25,690585;27,245164;Shofar_Jenny - SQD_NW_G_87
TAPV2.2;4A73;-26,196686;28,422397;Dersley - SQD_GP_G_130 
TAPV2.2;4A75;-23,041204;29,908331;Louis_Trichard - SQD_LP_G_81
TAPV2.2;4A76;-25,982393;28,015052;Dainfern Valley - SQD_GP_G_314 
TAPV2.2;4A77;-33,637488;18,994721;Paarl_Rock_Tours_Atlas - SQD_WC_G_138
TAPV2.2;4A78;-33,564069;18,496927;Atlantis - SQD_WC_G_46 
TAPV2.2;4A7A;-33,393789;19,930628;Kleinstraat - SQD_WC_G_59
TAPV2.2;4A7C;-25,635325;27,778849;Brits - SQD_NW_G_100 
TAPV2.2;4A7D;-33,927941;18,633456;Steel_Park_Atlas - SQD_WC_G_297
TAPV2.2;4A89;-29,581427;31,083051;Belvedere - SQD_ZN_G_260
TAPV2.2;4A95;-28,289189;29,113946;Wilgepark - SQD_FS_G_97 
TAPV2.2;4A99;-34,035925;20,443936;Railton_Atlas - SQD_WC_G_161
TAPV2.2;4A9A;-29,557828;31,118978;Hambanathi_Atlas - SQD_ZN_G_238 
TAPV2.2;4A9B;-26,257456;28,267599;Sunward_Park - SQD_GP_G_95
TAPV2.2;4A9C;-32,993645;27,852753;Havenhills_Atlas - SQD_EC_G_219
TAPV2.2;4A9E;-33,929453;18,524775;Viking_Business_Park - SQD_WC_G_196 
TAPV2.2;4ACC;-34,102473;18,966672;Hansekop_Laser - SQD_WC_G_112
TAPV2.2;4ACD;-34,009297;18,523462;Ottery_Atlas - SQD_WC_G_164
TAPV2.2;4ACE;-26,515788;27,891843;Lakeside_Estate_School - SQD_GP_G_472
TAPV2.2;4AD1;-26,728264;27,096515;Potchefstroom_MWT - SQD_NW_G_136
TAPV2.2;4ADE;-26,257873;28,290842;NG_Gemeente_Van_Dyk_Park_Atlas - SQD_GP_G_560
TAPV2.2;4ADF;-23,154252;30,049114;Elim - SQD_LP_G_112
TAPV2.2;4AE2;-25,753274;29,424277; Sefunda_Secondary_School_353194 - SQD_MP_G_189
TAPV2.2;4AE3;-33,8276667;20,0542222;Ashton - SQD_WC_G_226
TAPV2.2;4AE4;-34,473054;19,896932;Napier - SQD_WC_G_286
TAPV2.2;4AE5;-25,742281;27,900707;Dreiers_Centre - SQD_NW_G_127
TAPV2.2;4AEB;-29,191596;26,237809;Rocklands - SQD_FS_G_80 
TAPV2.2;4AEC;-24,926563;30,841672;Graskop - SQD_MP_G_77
TAPV2.2;4AED;-26,264976;28,119669;Alberton_Telkom - SQD_GP_G_64
TAPV2.2;4AEF;-25,890975;28,218529;Southdowns_Estate - SQD_GP_R_219 
TAPV2.2;4AF0;-26,128455;27,906157;Panorama - SQD_GP_G_204
TAPV2.2;4AF2;-26,502732;29,182714;Secunda_Mall - SQD_MP_G_73
TAPV2.2;4AF5;-26,512497;29,163007;Graceland_Jenny - SQD_MP_R_138 
TAPV2.2;4AF6;-29,532903;31,221231;Ballito_Beach - SQD_ZN_R_274 
TAPV2.2;4AF7;-29,190049;26,927752;Thaba_Nchu_Iclix - SQD_FS_G_85
TAPV2.2;4AF8;-26,512261;29,198351;Secunda - SQD_MP_G_11 
TAPV2.2;4AFC;-33,018272;27,857457;Gompo - SQD_EC_G_163
TAPV2.2;4AFD;-31,31996;27,762595;Loskop_LCOM - SQD_EC_G_139
TAPV2.2;4AFE;-28,32047;23,069547;Postmasburg - SQD_NC_G_48
TAPV2.2;4AFF;-25,857459;29,105836;Hlalanikahle_Ext - SQD_MP_G_80
TAPV2.2;4B00;-33,590789;22,215114;Oudtshoorn - SQD_WC_G_109 
TAPV2.2;4B02;-25,574486;31,53274;Big_Buffalo_Electra - SQD_MP_G_90
TAPV2.2;4B05;-34,026427;18,598315;Mitchells_Plain - SQD_WC_G_210
TAPV2.2;4B07;-33,901183;18,587713;Parow_Central - SQD_WC_G_176 
TAPV2.2;4B08;-32,76545;27,160645;Rabula_Dect - SQD_EC_G_96
TAPV2.2;4B09;-26,615961;27,053446;Potchefstroom_AP138_TrueCom - SQD_NW_G_77
TAPV2.2;4B0A;-25,134282;30,877679;Bakenkop_Electra - SQD_MP_G_95 
TAPV2.2;4B0B;-27,649051;27,232235;Hacienda_Iclix - SQD_FS_R_87
TAPV2.2;4B0E;-33,036249;27,844285;Settlers_Way - SQD_EC_G_02 
TAPV2.2;4B10;-31,406653;26,41204;Molteno_LCOM - SQD_EC_G_145
TAPV2.2;4B11;-26,137464;27,99633;Linden - SQD_GP_G_270 
TAPV2.2;4B13;-26,013792;28,122044;Halfway_House_Est - SQD_GP_G_367
TAPV2.2;4B14;-24,185069;29,482161;Thogoa_School - SQD_LP_G_60 
TAPV2.2;4B16;-26,076484;27,314019;Mathopestad_AP49_TrueCom - SQD_NW_G_84 
TAPV2.2;4B17;-26,15445;28,15918;Elmapark_Ext1_350226 - SQD_GP_G_574
TAPV2.2;4B18;-30,703109;27,275062;Joubert_Pass_LCOM - SQD_EC_G_141
TAPV2.2;4B19;-24,310179;29,47582;Lebowakgomo_Central_Ext -  SQD_LP_G_29
TAPV2.2;4B1C;-29,126121;19,397569;Pofadder - SQD_NC_G_34
TAPV2.2;4B1E;-26,164169;28,183225;RIETFONTEIN 1 - SQD_GP_G_27
TAPV2.2;4B1F;-30,165057;30,814137;Umnini - SQD_ZN_G_183
TAPV2.2;4B20;-25,767049;28,46717;Donkerhoek_Jenny - SQD_GP_G_267
TAPV2.2;4B22;-28,672501;25,766483;Dealesville_ETE - SQD_FS_G_158
TAPV2.2;4B23;-25,828927;25,650194;Mahikeng_East_AP71_TrueCom - SQD_NW_G_83
TAPV2.2;4B24;-25,589501;28,944892;Renosterkop - SQD_MP_G_68
TAPV2.2;4B25;-29,858457;30,827195;Mariannheights - SQD_ZN_G_175 
TAPV2.2;4B27;-33,314334;18,262515;Yzerfontein - SQD_WC_G_169 
TAPV2.2;4B28;-33,411626;19,195028;Wolsely - SQD_WC_G_121 
TAPV2.2;4B29;-33,990994;18,689313;Nooiensfontein - SQD_WC_G_37 
TAPV2.2;4B2B;-31,403729;23,121824;Victoria_West - SQD_NC_G_32 
TAPV2.2;4B2C;-23,001783;30,687981;Malamulele - SQD_LP_G_38 
TAPV2.2;4B2D;-33,977595;18,497233;Rondeboch_East_Primary - SQD_WC_G_134 
TAPV2.2;4B2E;-33,927656;18,422316;Barrack_Str - SQD_WC_R_08 
TAPV2.2;4B2F;-34,075949;18,469131;Steenberg - SQD_WC_G_13 
TAPV2.2;4B30;-26,149389;27,704428;Greenhill_Gardens - SQD_GP_G_282
TAPV2.2;4B31;-30,969755;22,128611;Carnarvon - SQD_NC_G_25
TAPV2.2;4B32;-28,455283;21,250691;Upington - SQD_NC_G_31
TAPV2.2;4B33;-29,555702;30,445311;Copesville_Primary_Atlas - SQD_ZN_G_231
TAPV2.2;4B34;-29,811343;30,886536;Mount_Moriah_Tech5 - SQD_ZN_G_200 
TAPV2.2;4B35;-26,432743;29,483247;Bethal_Silos_Jenny - SQD_MP_R_114
TAPV2.2;4B36;-34,218592;19,423696;Caledon - SQD_WC_G_82 
TAPV2.2;4B40;-33,006232;27,874269;Duncan_Village - SQD_EC_G_160
TAPV2.2;4B41;-29,651612;31,003595;Trenance_Park - SQD_ZN_G_277
TAPV2.2;4B42;-26,994528;28,211964;Oranjeville_ETE - SQD_FS_G_475
TAPV2.2;4B43;-33,937545;18,861822;Stellenbosch_CP - SQD_WC_R_166 
TAPV2.2;4B44;-26,104383;28,228002;Kempton Park - SQD_GP_G_41
TAPV2.2;4B45;-27,084505;30,509135;Voorslag - SQD_MP_G_75
TAPV2.2;4B46;-27,777931;30,821782;Bhekuzulu - SQD_ZN_G_259
TAPV2.2;4B47;-28,507401;31,18425;Havemanshoogte - SQD_ZN_G_161
TAPV2.2;4B48;-29,5133;30,93468;Ndwedwe_Police - SQD_ZN_G_165
TAPV2.2;4B4A;-30,151389;30,059444;Ixopo - SQD_ZN_G_97
TAPV2.2;4B4B;-30,587032;30,559213;Hibberdene - SQD_ZN_G_91 
TAPV2.2;4B4D;-26,146732;28,043472;Rosebank - SQD_GP_R_118
TAPV2.2;4B4F;-29,865114;30,949156;Ridgeview_Reservoir - SQD_ZN_G_196
TAPV2.2;4B50;-29,682763;30,107279;Zweliyazuza_Primary_Atlas - SQD_ZN_G_229 
TAPV2.2;4B51;-30,289027;30,746264;Scottburgh - SQD_ZN_G_58
TAPV2.2;4B52;-29,820041;30,591511;Mophela - SQD_ZN_G_267
TAPV2.2;4BB4;-26,041389;28,181558;Phomolong_Primary - SQD_GP_G_567
TAPV2.2;4BB5;-29,748648;30,930161;Lindelani - SQD_ZN_G_141 
TAPV2.2;4BB6;-28,746052;24,771815;Kimberly_Hospital_Iclix - SQD_NC_G_43
TAPV2.2;4BB7;-27,201494;26,062128;Wolmaranstad_Iclix - SQD_NW_G_64
TAPV2.2;4BB8;-32,164736;25,630079;Cradock - SQD_EC_G_54 
TAPV2.2;4BBA;-33,945626;25,512732;Linton_Grange - SQD_EC_G_13
TAPV2.2;4F6B;-33,564975;18,794479;Malmesbury_Herotel - SQD_WC_G_234
TAPV2.2;4F7D;-33,608677;19,394499;Brandwag_WOR_Herotel - SQD_WC_G_290
TAPV2.2;4F7F;-26,181007;28,175576;Wannenburg - SQD_GP_G_49
TAPV2.2;4FF7;-33,976103;22,476839;Rosemoor - SQD_WC_G_195
TAPV2.2;4FFB;-28,41988;24,316725;Delportshoop_Iclix - SQD_NC_G_42
TAPV2.2;4FFC;-26,08197;27,781802;Krugersdorp_North - SQD_GP_G_133
TAPV2.2;4FFD;-33,370341;26,471202;Salem_Xroads - SQD_EC_G_29 
TAPV2.2;4FFE;-33,814054;25,458289;RESEVOIR HILL - SQD_EC_G_17 
TAPV2.2;5001;-26,265318;28,508697;Largo - SQD_GP_G_186 
TAPV2.2;5004;-26,3585;28,1038;Royal_School_Alberton_Atlas - SQD_GP_G_536
TAPV2.2;5005;-25,748549;28,090185;Lotus_Garden - SQD_GP_G_214 
TAPV2.2;5006;-34,000048;22,382003;George_Airport - SQD_WC_G_69 
TAPV2.2;5007;-26,275827;28,340534;Phapos - SQD_GP_G_224 
TAPV2.2;5008;-28,767445;24,754301;Elcon_Water_Tower_Iclix - SQD_NC_G_44
TAPV2.2;500A;-34,076519;23,36205;Robberg - SQD_WC_G_70
TAPV2.2;500B;-32,008113;27,003765;Rooisand - SQD_EC_G_68 
TAPV2.2;500E;-26,091295;28,006811;Dover_Jenny - SQD_GP_R_251 
TAPV2.2;5010;-25,313951;29,440087;LOSKOP SOUTH - SQD_LP_G_52
TAPV2.2;5012;-34,002065;25,531613;Mt_Pleasant - SQD_EC_G_115
TAPV2.2;5013;-26,216869;27,870829;Dobsonville - SQD_GP_G_23
TAPV2.2;5014;-27,851871;26,363917;Wesselsbron - SQD_FS_G_57
TAPV2.2;5015;-26,303445;28,447501;Selcourt - SQD_GP_G_112
TAPV2.2;5016;-33,029933;27,887286;GATELY - SQD_EC_G_83 
TAPV2.2;5018;-26,180608;26,132672;Lichtenburg - SQD_NW_G_31 
TAPV2.2;501B;-28,242215;30,23223;Endumeni_Jenny - SQD_ZN_G_219
TAPV2.2;501C;-26,562654;24,860274;Stella - SQD_NW_G_48
TAPV2.2;501E;-25,409212;28,266429;Hammanskraal_Atlas - SQD_GP_G_276 
TAPV2.2;501F;-32,445384;27,992589;Jongelizwe - SQD_EC_G_120
TAPV2.2;5020;-26,242675;27,985035;Aeroton - SQD_GP_G_245 
TAPV2.2;5021;-26,103653;28,000397;Canterbury_Crossing - SQD_GP_G_232 
TAPV2.2;5022;-26,279926;28,449464;Laerskool_Selection_Park - SQD_GP_G_207
TAPV2.2;5023;-27,183748;25,331503;Schweizer_Reneke_Iclix - SQD_NW_G_60
TAPV2.2;5024;-24,766412;31,042279;Violet_Bank - SQD_MP_G_133
TAPV2.2;5025;-25,71153;28,378082;Mamelodi - SQD_GP_G_274 
TAPV2.2;5026;-25,631897;28,096582;Rosslyn_Jenny - SQD_GP_G_250
TAPV2.2;5027;-26,816604;27,830788;Sasolburg - SQD_FS_G_52
TAPV2.2;5028;-26,160796;27,95629;Waterval - SQD_GP_G_155
TAPV2.2;5029;-26,070068;30,117943;Carolina - SQD_MP_G_15
TAPV2.2;502A;-26,238035;28,153246;Rand Airport - SQD_GP_G_47
TAPV2.2;502C;-26,960872;29,213647;Standerton - SQD_MP_G_24 
TAPV2.2;502D;-26,146924;28,688542;Delmas - SQD_MP_G_142
TAPV2.2;5030;-26,071716;27,759302;Thuto_Lefa_Secondary_School - SQD_GP_G_216 
TAPV2.2;5031;-33,886423;25,263912;Lady_Slipper - SQD_EC_G_50
TAPV2.2;5032;-32,77367;27,931152;Kwelera - SQD_EC_G_45
TAPV2.2;5033;-26,123318;28,253745;Bonaero_Park_Atlas - SQD_GP_G_229
TAPV2.2;5035;-25,881812;28,981005;Balmoral - SQD_MP_G_25 
TAPV2.2;5037;-25,80677;28,22994;Monument Park - SQD_GP_G_400
TAPV2.2;5038;-25,693466;30,042549;Belfast - SQD_MP_G_16 
TAPV2.2;503A;-25,680127;28,268284;Potelin_Lab - SQD_GP_G_126
TAPV2.2;503B;-26,390569;28,00133;Platberg - SQD_GP_G_150
TAPV2.2;503D;-26,143345;30,838843;Oshoek - SQD_MP_G_22 
TAPV2.2;503E;-34,533638;20,057072;Bredasdorp_Metropolitan - SQD_WC_G_184 
TAPV2.2;503F;-24,883739;28,291687;Warmbad Exchange - SQD_LP_G_10
TAPV2.2;5040;-29,193861;27,432253;Lady Brand_Iclix - SQD_FS_R_34
TAPV2.2;5041;-33,927201;18,56353;Bofors_Circle - SQD_WC_G_24 
TAPV2.2;5042;-26,864694;27,872154;Zamdela_Atlas - SQD_FS_G_100
TAPV2.2;5044;-25,544885;26,077769;Zeerust - SQD_NW_G_12
TAPV2.2;5046;-32,42112;27,250195;Thomas_River - SQD_EC_G_46
TAPV2.2;5047;-32,784371;18,074247;Laingville - SQD_WC_G_54
TAPV2.2;5049;-33,614149;19,522062;Farm_De_Wet - SQD_WC_G_57
TAPV2.2;504A;-33,908593;19,124655;Franshoek - SQD_WC_G_95 
TAPV2.2;504B;-32,5800806;19,0174;Citrusdal -SQD_WC_G_225
TAPV2.2;504C;-34,125013;18,844385;Weltevreden_Industria - SQD_WC_G_199 
TAPV2.2;504D;-34,032832;18,750662;Faure_Jenny - SQD_WC_G_159
TAPV2.2;504F;-31,449917;19,781673;Calvinia - SQD_NC_G_26
TAPV2.2;5050;-25,352372;27,093258;Pilansberg - SQD_NW_G_09
TAPV2.2;5051;-25,680041;28,217962;Sinoville - SQD_GP_G_109 
TAPV2.2;5052;-33,842498;25,536651;Kwamagxaki - SQD_EC_G_127 
TAPV2.2;5054;-25,789344;31,053212;Barberton - SQD_MP_G_23 
TAPV2.2;5056;-26,061126;27,834481;Diswilmar - SQD_GP_G_97
TAPV2.2;5057;-32,908256;17,990742;Vredenburg - SQD_WC_G_53 
TAPV2.2;5058;-34,416279;19,244667;Hermanus_MW - SQD_WC_G_43 
TAPV2.2;5059;-25,840067;25,612374;Mmabatho - SQD_NW_G_14 
TAPV2.2;505B;-25,815738;29,390037;Middelburg_MW - SQD_MP_G_6 
TAPV2.2;505C;-25,857227;30,945527;Britenkop_Electra - SQD_MP_G_123
TAPV2.2;505D;-33,259215;20,237621;Constable - SQD_WC_G_60 
TAPV2.2;505E;-26,28483;28,11032;Randhart - SQD_GP_G_502
TAPV2.2;505F;-27,94372;22,737741;Olifantshoek - SQD_NC_G_57
TAPV2.2;5060;-32,391721;20,674636;Sutherland - SQD_NC_G_35
TAPV2.2;5061;-33,438877;18,965971;Kaap_Agrimark - SQD_WC_G_188
TAPV2.2;5062;-33,897553;18,629312;Tygerberg - SQD_WC_G_27 
TAPV2.2;5063;-32,082338;22,951526;Courlandskloof - SQD_WC_G_67
TAPV2.2;5064;-33,53911;22,218469;Buffelsdrift - SQD_WC_G_84
TAPV2.2;5065;-25,732463;28,297397;Silverton - SQD_GP_G_360
TAPV2.2;5066;-34,126889;18,380826;Noordhoek_Industrial - SQD_WC_G_38 
TAPV2.2;5067;-34,000684;18,589411;Canax_Hardware - SQD_WC_G_185
TAPV2.2;5068;-33,725542;18,444872;Melkbosstrand - SQD_WC_G_170 
TAPV2.2;506A;-33,986328;19,282424;Villiersdorp_Town - SQD_WC_G_256 
TAPV2.2;506C;-34,056931;18,677857;Isiphiwo_Primary - SQD_WC_G_36 
TAPV2.2;506E;-33,862074;18,564895;Eskom_Platterkloof - SQD_WC_G_26 
TAPV2.2;506F;-33,895115;20,747351;Barrydale - SQD_WC_G_259
TAPV2.2;5070;-32,775031;21,978808;Leeu_Gamka - SQD_WC_G_64 
TAPV2.2;5071;-29,007528;31,231609;Nokhalela_High_School - SQD_ZN_G_169
TAPV2.2;5072;-34,465249;19,448912;Stanford - SQD_WC_G_94
TAPV2.2;5073;-33,574787;22,197758;Langenhoven_Gimnasium - SQD_WC_G_191
TAPV2.2;5076;-29,339251;31,295898;Dawnview - SQD_ZN_G_247 
TAPV2.2;5079;-33,175959;26,393828;Grahamstown_Clifton - SQD_EC_G_167
TAPV2.2;507A;-25,39017;28,301078;St_Camilus - SQD_GP_G_238
TAPV2.2;507B;-33,7556;25,4187;Alwynstraat - SQD_EC_G_162
TAPV2.2;507C;-27,804874;28,453757;Reitz - SQD_FS_G_47
TAPV2.2;507D;-26,019083;28,235961;Emmangweni_Primary - SQD_GP_G_195 
TAPV2.2;507E;-26,727654;27,018812;Tshupane - SQD_NW_G_96 
TAPV2.2;507F;-25,849684;28,247408;Pierre Van Ryneveld - SQD_GP_G_104 
TAPV2.2;5081;-26,186564;28,146628;Dawnview - SQD_GP_G_146
TAPV2.2;5082;-26,157352;28,088323;Orange_Grove_CSC -SQD_GP_G_576
TAPV2.2;5086;-27,912969;25,17038;Christiana_Exch - SQD_NW_G_30 
TAPV2.2;5088;-23,186323;30,057769;Shihlobyeni_Primary - SQD_LP_G_99
TAPV2.2;5089;-29,713316;31,092386;Breakers_Resort_CP - SQD_ZN_R_311
TAPV2.2;508A;-33,647232;25,877277;Kinkelbos - SQD_EC_G_26 
TAPV2.2;508B;-25,944656;25,475768;Vryhof - SQD_NW_G_45 
TAPV2.2;508C;-26,983272;24,710015;Vryburg_Watertoring_Truecom - SQD_NW_G_72 
TAPV2.2;508E;-28,733736;32,086789;Birdswood_Beacon - SQD_ZN_G_249
TAPV2.2;5090;-26,672231;27,929474;Vereeniging - SQD_GP_G_100
TAPV2.2;5091;-34,029905;23,071507;Knysna_Reservoir - SQD_WC_G_157
TAPV2.2;5092;-27,651079;27,197773;Phomolong_Iclix - SQD_FS_G_110 
TAPV2.2;5093;-26,312285;26,81307;Ventersdorp_AP2_3_4_TrueCom - SQD_NW_G_67
TAPV2.2;5095;-28,221511;28,331385;Bird_Cage_Iclix - SQD_FS_G_92
TAPV2.2;5096;-25,904655;28,158022;Jan_Kemp_Jenny - SQD_GP_G_258
TAPV2.2;5098;-25,986718;28,239617;Hospital View - SQD_GP_G_318
TAPV2.2;5099;-25,740772;28,357279;Nelmapius - SQD_GP_G_283 
TAPV2.2;509A;-22,950421;30,190824;Mpzema - SQD_LP_G_98 
TAPV2.2;509C;-25,645414;28,244516;Doornpoort - SQD_GP_G_125
TAPV2.2;509E;-29,97031;30,93916; Isipingo_Rail - SQD_ZN_G_411
TAPV2.2;509F;-26,120786;27,817825;Lewisham - SQD_GP_G_127
TAPV2.2;50A0;-26,123977;28,048758;St_Davids_Marist - SQD_GP_G_243 
TAPV2.2;50A1;-29,802095;30,621609; Mpumalanga_North - SQD_ZN_G_144
TAPV2.2;50A3;-25,85162;28,160988;Eldoraigne_Jenny - SQD_GP_G_266 
TAPV2.2;50A4;-26,144346;27,914715;Constantia_Jenny - SQD_GP_G_249
TAPV2.2;50A5;-26,09876;28,050244;Benmore_Gardens - SQD_GP_G_86 
TAPV2.2;50A7;-24,576436;27,397973;THABAZIMBI - SQD_LP_G_12
TAPV2.2;50A9;-34,008673;20,972974;Heidelberg_MW - SQD_WC_G_168 
TAPV2.2;50AA;-33,010143;27,892244;Braelyn - SQD_EC_G_90
TAPV2.2;50AB;-23,950117;31,137504;Phalaborwa - SQD_LP_G_08
TAPV2.2;50AE;-25,536909;28,100561;Mabopane_East - SQD_GP_G_187 
TAPV2.2;50AF;-24,799462;28,433593;Vyeboom - SQD_LP_G_07
TAPV2.2;50B1;-26,278278;25,111424;Setlagole - SQD_NW_G_37
TAPV2.2;50B2;-25,867457;29,248149;DeKlerk_Jenny - SQD_MP_G_132
TAPV2.2;50B3;-33,810838;25,368247;Kwanobuhle - SQD_EC_G_93
TAPV2.2;50B6;-32,755988;27,659371;Cobongo_Beacon - SQD_EC_G_110 
TAPV2.2;50B7;-25,949562;28,117497;Erand - SQD_GP_G_151
TAPV2.2;50B8;-33,861677;25,508116;SOLOMON ESTATE - SQD_EC_G_94 
TAPV2.2;50BA;-25,773706;29,472689;Motomid_Jenny - SQD_MP_G_120
TAPV2.2;50BB;-25,887126;28,688378;Obed_Jenny - SQD_GP_G_252
TAPV2.2;50BD;-33,737617;25,376702;Rosedale - SQD_EC_G_146
TAPV2.2;51D0;-25,768546;28,075679;Attridgeville - SQD_GP_G_191
TAPV2.2;51D2;-26,093426;29,464268;Blinkpan - SQD_MP_G_74
TAPV2.2;51D5;-24,961003;29,294713;Marble_Hall - SQD_LP_G_102
TAPV2.2;51D7;-25,918899;29,227392;Tasbetpark - SQD_MP_G_103
TAPV2.2;51D9;-33,920599;18,479484;Maitland - SQD_WC_G_07
TAPV2.2;51DF;-25,718635;28,249584;Koedoespoort - SQD_GP_R_220 
TAPV2.2;5,10E+03;-26,221048;27,636536;Middelvlei_AH - SQD_GP_G_179
TAPV2.2;5,10E+04;-28,125785;30,214301;Dundee MW - SQD_ZN_G_142
TAPV2.2;5,10E+05;-29,7733;30,7626;Hillcrest_Old_Apostolic_Church_Atlas - SQD_ZN_G_426
TAPV2.2;5,10E+06;-27,454222;32,114806;Ophande - SQD_ZN_G_76
TAPV2.2;5,10E+07;-26,499717;30,023635;Skyberg_Jenny - SQD_MP_G_137 
TAPV2.2;51EB;-26,181862;27,942802;Maraisburg - SQD_GP_G_222 
TAPV2.2;51EC;-29,798748;30,934457;Reservoir_Hills_North - SQD_ZN_G_269
TAPV2.2;51ED;-23,880742;29,738005;Limpopo_University - SQD_LP_G_03
TAPV2.2;51EE;-26,557253;28,014281;Meyerton - SQD_GP_G_92 
TAPV2.2;51EF;-25,589929;28,105976;Lesedi_Primary_School_352809 - SQD_GP_G_485
TAPV2.2;51F2;-25,766898;29,456646;Middelburg_Central - SQD_MP_G_7
TAPV2.2;51F4;-33,950884;18,380074;Camps_Bay_2 - SQD_WC_G_158
TAPV2.2;51F5;-26,471368;29,111751;Evander_Shopping_Centre - SQD_MP_G_140
TAPV2.2;51F6;-26,270395;27,875526;Moroka - SQD_GP_G_98
TAPV2.2;51F9;-29,204337;31,339596;Sunbury - SQD_ZN_G_156
TAPV2.2;51FB;-32,201994;28,241082;Emgcwe - SQD_EC_G_102
TAPV2.2;51FC;-28,272827;31,034886;BGR_KwaGanqu_CP  - SQD_ZN_G_371
TAPV2.2;51FD;-29,496128;30,216545;Littlemore_Farm_Atlas 
TAPV2.2;51FE;-23,308239;30,692641;Giyani - SQD_LP_G_22 
TAPV2.2;51FF;-26,190662;28,318045;Benoni - SQD_GP_G_52
TAPV2.2;5201;-26,321627;27,83678;Lenasia - SQD_GP_G_18 
TAPV2.2;5202;-26,180832;28,241622;East_Rand_Mall - SQD_GP_R_31
TAPV2.2;5204;-29,04145;29,79379;Wembezi - SQD_ZN_G_313
TAPV2.2;520A;-26,148991;28,372947;Van_Ryn_SH - SQD_GP_G_200
TAPV2.2;520B;-31,081861;29,494615;Flagstaff_Dect - SQD_EC_G_80
TAPV2.2;520C;-26,962446;24,728587;Vryburg_Showgrouds - SQD_NW_G_23 
TAPV2.2;520D;-25,809153;28,744602;Bronkhorstspruit - SQD_GP_G_103 
TAPV2.2;520F;-25,900888;29,237085;Leraatsfontein - SQD_MP_G_67 
TAPV2.2;5212;-26,951954;26,785585;Anglogold_Ashanti - SQD_NW_G_24
TAPV2.2;5216;-24,704458;28,408868;Nylstroom - SQD_LP_G_71
TAPV2.2;5217;-33,013101;27,91658;Quigney - SQD_EC_R_161
TAPV2.2;5218;-26,114713;28,108789;Lombardy - SQD_GP_G_308
TAPV2.2;521B;-26,275177;27,835705;Protea_Exchange - SQD_GP_G_302 
TAPV2.2;521E;-26,253265;28,186547;Wadeville - SQD_GP_G_152
TAPV2.2;521F;-25,470469;28,058421;Winterveld - SQD_GP_G_329
TAPV2.2;5220;-26,298957;27,913806;Eldorado Park - SQD_GP_G_315 
TAPV2.2;5221;-25,545618;28,037275;Madibatlwa_Primary_School - SQD_NW_G_106 
TAPV2.2;5223;-25,698895;31,570046;Driekoppies_WR - SQD_MP_G_58
TAPV2.2;5224;-25,284008;25,914366;Borakalalo - SQD_NW_G_32
TAPV2.2;5226;-29,082178;26,220906;Waverley_Iclix - SQD_FS_G_101
TAPV2.2;5227;-28,253791;29,107517;Phomolong - SQD_FS_G_25 
TAPV2.2;5228;-26,32997;28,11792;Alberton - SQD_GP_G_148
TAPV2.2;5229;-28,733327;32,035954;Ferropark_Atlas - SQD_ZN_G_233
TAPV2.2;522A;-26,054271;28,022342;Bryanston - SQD_GP_G_71
TAPV2.2;522D;-30,83713;29,147918;Rode - SQD_EC_G_39
TAPV2.2;5232;-33,985113;18,852724;Webersvallei - SQD_WC_G_02
TAPV2.2;5233;-29,998719;30,857006;Ensimbini_South - SQD_ZN_G_182 
TAPV2.2;5234;-25,873232;28,193628;Highveld - SQD_GP_G_87
TAPV2.2;5237;-28,358569;30,037457;Doone_MW - SQD_ZN_G_69 
TAPV2.2;523C;-23,689624;27,697327;Onverwacht - SQD_LP_G_56 
TAPV2.2;5240;-31,588862;28,786225;Umtata - SQD_EC_G_20 
TAPV2.2;5242;-27,003824;30,803648;Piet_Retief - SQD_MP_G_21 
TAPV2.2;5243;-29,7593222;30,75035;Kearsney_College - SQD_ZN_G_312
TAPV2.2;5247;-25,752439;28,162806;Pilditch_Stadium - SQD_GP_G_290
TAPV2.2;5248;-31,366442;29,572839;Lusikisiki Dect - SQD_EC_G_79 
TAPV2.2;5249;-30,05375;30,827215;Illovo_Microwave - SQD_ZN_G_146 
TAPV2.2;524D;-26,132285;28,202902;Isando - SQD_GP_G_33
TAPV2.2;5250;-29,755306;30,808608;Waterfall - SQD_ZN_G_197 
TAPV2.2;5251;-22,353586;30,031957;Musina - SQD_LP_G_16
TAPV2.2;5252;-26,06991;28,09231;Kelvin_Exch - SQD_GP_G_88
TAPV2.2;5253;-27,377802;31,615475;PONGOLA - SQD_ZN_G_72
TAPV2.2;5256;-33,675457;19,089915;Haweqwas_Laser - SQD_WC_G_118
TAPV2.2;5257;-33,906642;25,546005;Windvogel - SQD_EC_G_12
TAPV2.2;5258;-27,720226;29,952822;Newcastle_MW - SQD_ZN_G_108 
TAPV2.2;5259;-29,771311;30,981386;Newlands_East - SQD_ZN_G_07 
TAPV2.2;525A;-30,539686;29,580014;Zuurfontein - SQD_ZN_G_102
TAPV2.2;525C;-30,737098;30,448723;Port_Shepstone - SQD_ZN_G_92
TAPV2.2;525D;-29,812708;30,885379;Pinetown_Temp - SQD_ZN_G_158
TAPV2.2;5268;-32,983269;27,903913;Vincent_Park_Herotel - SQD_EC_G_260
TAPV2.2;5288;-26,074408;28,039449;GC_BALLYCLARE_Str - SQD_GP_G_594
TAPV2.2;52BF;-29,629274;30,318853;Vezokuhle_Primary_Edendale_Atlas - SQD_ZN_G_209
TAPV2.2;5315;-26,04036;28,21714;Madulong_352751 - SQD_GP_G_406
TAPV2.2;5325;-26,046198;29,123063;Boshmans - SQD_MP_G_144
TAPV2.2;533A;-30,712482;26,705769;CR_Aliwal_North_Drive-In_Atlas - SQD_EC_G_223
TAPV2.2;5340;-25,784394;28,031892;Leratong Hospice - SQD_GP_G_323
TAPV2.2;534F;-32,940128;28,007236;OAC_Gonubie_Atlas -SQD_EC_G_258
TAPV2.2;53D5;-26,09267;28,03669;Parkmore -SQD_GP_G_547
TAPV2.2;5,70E+02;-23,113281;30,516604;Mackaukau_Water_Tower - SQD_LP_G_42
TAPV2.2;5,70E+10;-32,919725;27,420659;Zwelitsha - SQD_EC_G_95 
TAPV2.2;57F0;-32,991051;27,820308;Grahamstown_Church_Atlas - SQD_EC_G_158
TAPV2.2;57F1;-25,761205;28,337517;Equestria_CP - SQD_GP_R_257 
TAPV2.2;57F6;-25,792927;28,079898;Schurweberg_Jenny - SQD_GP_R_248
TAPV2.2;57F9;-28,595878;29,854723;Umbolwane_Jenny - SQD_ZN_G_214
TAPV2.2;57FB;-25,803721;28,280468;NG_Kerk_Pretoria_Atlas - SQD_GP_G_277 
TAPV2.2;58EB;-23,859595;28,764278;Bakenberg - SQD_LP_G_63
TAPV2.2;58EC;-31,874926;26,824145;Madeira_LCOM - SQD_EC_G_130
TAPV2.2;58ED;-27,461017;23,426752;Kuruman_Primary_School - SQD_NC_G_11
TAPV2.2;58EE;-26,497282;28,362694;Volkskool_Heidelberg - SQD_GP_G_237
TAPV2.2;58EF;-25,868576;29,227066;Witbank - SQD_MP_G_104
TAPV2.2;58F0;-31,732615;26,784029;Mount_Shepstone_LCOM - SQD_EC_G_133
TAPV2.2;58F1;-30,967893;27,595781;Barkley_East - SQD_EC_G_118
TAPV2.2;58F5;-33,893657;18,998635;Lormarins - SQD_WC_G_136 
TAPV2.2;58F8;-26,323192;28,253704;Villa_Liza - SQD_GP_G_184 
TAPV2.2;58F9;-32,981328;27,865965;OAC_Morningside_Atlas - SQD_EC_G_159
TAPV2.2;58FA;-32,886514;27,539362;Ilitha - SQD_EC_G_275
TAPV2.2;58FB;-32,692588;25,815441;Cookhouse_MW - SQD_EC_G_56
TAPV2.2;58FC;-34,091331;21,247268;Riversdale_Industrial_Atlas - SQD_WC_G_167 
TAPV2.2;58FD;-25,455585;31,979987;Lebombo_Electra - SQD_MP_G_93
TAPV2.2;58FE;-25,90674;29,26412;Reyno_Ridge_substation - SQD_MP_G_198
TAPV2.2;58FF;-26,050049;27,968761;Bellairs_Drive - SQD_GP_G_181 
TAPV2.2;5902;-28,416843;32,185059;Mtubatuba - SQD_ZN_G_80
TAPV2.2;5903;-30,355227;30,598425;Beneva_Farm - SQD_ZN_G_187
TAPV2.2;5905;-33,035842;27,226602;Keiskamma - SQD_EC_G_34
TAPV2.2;590B;-31,000608;26,338679;Burgersdorp - SQD_EC_G_82
TAPV2.2;590D;-24,99673;30,760642;Mauchberg_Electra - SQD_MP_G_97
TAPV2.2;590E;-25,71749;28,324342;Despatch - SQD_GP_G_48 
TAPV2.2;590F;-25,490469;31,004702;Steiltes_Electra - SQD_MP_G_86 
TAPV2.2;5911;-27,519234;24,787671;Taung_Water_Reservoir - SQD_NW_G_44 
TAPV2.2;5912;-33,924231;25,591597;Sidwell - SQD_EC_G_06 
TAPV2.2;5915;-25,860179;28,214829;DFA Offices - SQD_GP_R_185
TAPV2.2;5916;-24,676579;30,330509;Burgersfort - SQD_LP_G_21
TAPV2.2;591A;-26,25076;28,439137;Springs - SQD_GP_G_67
TAPV2.2;591B;-29,786355;30,86039;Wyebank_Tech5 - SQD_ZN_G_198 
TAPV2.2;591C;-26,297162;27,94991;OAC_Naturena_Hall_Atlas - SQD_GP_G_454
TAPV2.2;591D;-25,766169;28,205734;Lukasrand - SQD_GP_G_58
TAPV2.2;5923;-23,681743;29,610585;Duiwekop - SQD_LP_G_06
TAPV2.2;5924;-28,268904;28,329256;Hilly_Iclix - SQD_FS_G_93 
TAPV2.2;5926;-27,885605;27,909124;Lindley - SQD_FS_G_64
TAPV2.2;5928;-25,113112;29,048401;Siyabuswa - SQD_MP_G_66 
TAPV2.2;5929;-26,294893;28,392379;Kwa-Thema - SQD_GP_G_310
TAPV2.2;592B;-29,981786;30,916134;Isipingo_Hills - SQD_ZN_G_53
TAPV2.2;592D;-25,862072;25,648743;Mahikeng_Central_AP64_TrueCom - SQD_NW_G_82
TAPV2.2;592F;-29,99539;30,88906;Umlazi_Unit21_350772 - SQD_ZN_G_403
TAPV2.2;5930;-26,065315;28,258567;Glen_Marais - SQD_GP_G_190
TAPV2.2;5931;-25,559898;27,236057;Freedom_Park_North_Atlas - SQD_NW_G_132
TAPV2.2;5933;-33,560533;18,566609;Klein_Dassenberg - SQD_WC_G_55
TAPV2.2;5935;-28,465951;31,349676;ENTONJANENI GF - SQD_ZN_G_138
TAPV2.2;5936;-26,220316;27,903008;Thumelo_Primary_Atlas - SQD_GP_G_241
TAPV2.2;5937;-27,936337;28,968795;Schaapplaas - SQD_FS_G_26 
TAPV2.2;5939;-27,79673;30,148762;Osisweni_Jenny - SQD_ZN_G_211
TAPV2.2;593A;-28,531472;24,507289;Barkley_West - SQD_NC_G_23 
TAPV2.2;593B;-26,213409;28,199273;Delmore - SQD_GP_G_46
TAPV2.2;593D;-26,058739;28,176292;Chloorkop_East - SQD_GP_G_297 
TAPV2.2;5942;-25,746504;28,314337;Chambord Flats - SQD_GP_R_89
TAPV2.2;5945;-32,240196;24,533368;Graaf_Reinet - SQD_EC_G_61 
TAPV2.2;5947;-26,123375;28,031194;Hyde_Park - SQD_GP_G_21
TAPV2.2;5952;-25,502204;31,343336;Matsulu - SQD_MP_G_65
TAPV2.2;5954;-26,348493;28,222056;Bopang_Kgotso_Primary - SQD_GP_G_189
TAPV2.2;5955;-25,943243;26,725651;Tafelkop - SQD_NW_G_47 
TAPV2.2;5956;-26,237746;28,363315;Brakpan - SQD_GP_G_170
TAPV2.2;5957;-23,981289;29,954373;Heanertsburg_Herotel - SQD_LP_G_127
TAPV2.2;5958;-25,841165;28,250959;Atlas_Rietvleirand - SQD_GP_G_226 
TAPV2.2;595A;-26,70806;27,879681;Bedworth_Park_Atlas - SQD_GP_G_239
TAPV2.2;595C;-29,734852;30,585764;Cato_Ridge - SQD_ZN_G_30 
TAPV2.2;595D;-25,980372;28,119755;New_Road - SQD_GP_G_145
TAPV2.2;595E;-29,982297;30,892281;Umlazi_Tech5 - SQD_ZN_G_199 
TAPV2.2;595F;-29,894782;30,840143;Mawelewele_Atlas - SQD_ZN_G_208 
TAPV2.2;5961;-26,311567;28,412034;Kwa_Thema_Primary - SQD_GP_G_278
TAPV2.2;5962;-26,59229;27,83965;Phehello_Primary_School - SQD_GP_G_425
TAPV2.2;5964;-22,747802;30,510942;Mutale - SQD_LP_G_140
TAPV2.2;5965;-24,350525;30,95126;Hoedspruit - SQD_LP_G_20 
TAPV2.2;5966;-26,316193;28,199906;Rooikop - SQD_GP_G_80
TAPV2.2;5967;-25,71879;28,697754;Bronkhorstspruit_Jasco - SQD_GP_G_162
TAPV2.2;596A;-29,763981;30,725565;Alverstone - SQD_ZN_G_62
TAPV2.2;596B;-25,691838;28,213108;Wonderboom - SQD_GP_G_153 
TAPV2.2;596C;-26,427193;27,391766;Carltonville - SQD_GP_G_164
TAPV2.2;5970;-25,466057;28,641595;Moloto - SQD_MP_G_64
TAPV2.2;5973;-33,006242;27,858414;Duncan_Village_Public_School_Atlas - SQD_EC_G_257
TAPV2.2;5974;-23,827623;30,161362;Tzaneen - SQD_LP_G_09
TAPV2.2;5975;-28,600784;32,085866;Kwambonambi - SQD_ZN_G_82
TAPV2.2;5976;-29,095117;26,173789;Mandela_Drive - SQD_FS_G_43
TAPV2.2;5977;-29,823086;30,65576;Kwamyeza_Primary_School_Atlas - SQD_ZN_G_207
TAPV2.2;5978;-33,920277;18,398976;Signal_Hill_Laser - SQD_WC_G_115
TAPV2.2;5979;-29,864746;30,792854;Oaklands - SQD_ZN_G_170 
TAPV2.2;597A;-34,042729;18,852218;Helderberg_Laser - SQD_WC_G_116 
TAPV2.2;5991;-34,003868;18,470961;Wynberg - SQD_WC_R_137
TAPV2.2;59BF;-31,596986;28,743104;Mthatha_LCOM - SQD_EC_G_142
TAPV2.2;59D1;-26,6509;30,6764;Kwathandeka_Atlas - SQD_MP_G_174
TAPV2.2;5,90E+10;-32,146417;28,503443; Fort_Malan - SQD_EC_G_109
TAPV2.2;5A01;-27,266165;27,978957;Heilbron - SQD_FS_G_49
TAPV2.2;5A0C;-26,090701;27,963055;Bromhof - SQD_GP_G_359
TAPV2.2;5ACB;-23,880625;29,401832;Reinecke - SQD_LP_G_117
TAPV3.0;6D2B;-33,200737;27,613286;Kayser_Beach_Herotel - SQD_EC_G_267
TAPV3.0;6D7F;-26,098233;28,055486;Old_Mutual_Sandton - SQD_GP_R_244 
TAPV3.0;7145;-34,0899;23,3558;Whale_Rock_Atlas - SQD_WC_G_316
TAPV3.0;715C;-29,79956;30,98823;Peter_Road - SQD_ZN_G_404
TAPV3.0;71A4;-33,937281;25,023151;Gamtoos_Mond - SQD_EC_G_171 
TAPV3.0;7237;-26,327389;27,324241;Hlangabeza Primary - SQD_GP_G_317 
TAPV3.0;723C;-26,990267;26,684545;Noordvaal_Truecom - SQD_NW_G_95
TAPV3.0;7271;-34,208085;21,699368;Albertinia_MW - SQD_WC_G_76
TAPV3.0;7275;-33,93303;18,46686;Factory_Shop - SQD_WC_R_404
TAPV3.0;7276;-26,419247;27,874224;AMA_Titanium_Atlas - SQD_GP_G_553
TAPV3.0;7277;-33,830118;18,763671;Bergsig - SQD_WC_G_182 
TAPV3.0;727A;-32,98106;27,88485;Cambridge_351047 - SQD_EC_G_273
TAPV3.0;73CC;-33,456349;18,707908;Malmesbury_Baptist - SQD_WC_G_179 
TAPV3.0;7,30E+02;-33,327759;26,49762;Settlets_Hill - SQD_EC_G_70
TAPV3.0;7,30E+04;-26,197006;27,922792;Swartland_Atlas - SQD_GP_G_375
TAPV3.0;745D;-29,730223;31,071573;Ridge7_Tech5 -SQD_ZN_G_374
TAPV3.0;7462;-26,849928;26,797948;Stilfontein_Industrial_Truecom - SQD_NW_G_92 
TAPV3.0;7,40E+04;-29,176254;26,629756;Vadersgift - SQD_FS_G_41
TAPV3.0;7,40E+10;-25,845658;28,104828;Alglasico - SQD_GP_G_311
TAPV3.0;754D;-26,237106;28,016056;Gold Reef City - SQD_GP_G_316 
TAPV3.0;754E;-26,555108;28,326549;Ratanda - SQD_GP_G_309
TAPV3.0;7550;-28,770419;31,905276;Kuleka_North - SQD_ZN_G_84
TAPV3.0;7553;-32,697098;18,229878;Dwarskersbos_Exchange - SQD_WC_G_401
TAPV3.0;7554;-24,094854;28,967975;Tshamahansi - SQD_LP_G_101
TAPV3.0;7555;-25,75052;28,214002;Technical_High_Atlas - SQD_GP_G_570
TAPV3.0;756E;-31,497307;24,98969;Middelburg_LCOM - SQD_EC_G_144
TAPV3.0;756F;-30,611232;26,70318;Hoofpad_Berg_LCOM - SQD_FS_G_91 
TAPV3.0;7570;-31,682162;25,81768;Hofmeyer_LCOM - SQD_EC_G_155 
TAPV3.0;7571;-25,407679;28,174892;Motshegofadiwa_Primary_Sch - SQD_GP_G_324 
TAPV3.0;759C;-33,738874;19,004241;Piet_My_Vrou_Road - SQD_WC_G_193 
TAPV3.0;75C7;-24,697042;28,438179;Phagameng - SQD_LP_G_116
TAPV3.0;75C8;-31,505332;27,668445;Cala_LCOM - SQD_EC_G_143
TAPV3.0;75CD;-29,157634;26,270858;Heidedal - SQD_FS_G_115 
TAPV3.0;7,50E+05;-32,99593;27,89407;Stoney_Drift_351046 - SQD_EC_G_274
TAPV3.0;7,50E+08;-34,008929;22,507169;Thembalethu_Primary_Atlas - SQD_WC_G_392
TAPV3.0;7791;-34,20268;18,452825;Masego_Herotel - SQD_WC_R_373
TAPV3.0;781D;-25,098137;30,542392;Lydenburg_Electra - SQD_MP_G_94
TAPV3.0;7882;-25,767238;28,364664;Willow_Acres - SQD_GP_R_230
TAPV3.0;7CEF;-28,629642;28,800639;Mokodumela - SQD_FS_G_39
TAPV3.0;7D52;-26,034407;28,157369; Cullinan Ridge - SQD_GP_G_15
TAPV3.0;7D53;-30,86788;30,3643;Margate_South - SQD_ZN_G_330
TAPV3.0;7D57;-33,574135;18,489878;First_Baptist_Church - SQD_WC_G_186 
TAPV3.0;7D59;-33,864038;18,702824;Okavango_Industrial - SQD_WC_G_32
TAPV3.0;7D73;-25,37523;28,80731;Zakhele_Primary_School - SQD_MP_G_176
TAPV3.0;7D75;-33,931579;18,598254;New_Life_Church_Atlas - SQD_WC_G_400
TAPV3.0;7D99;-29,725201;30,942456; Intuzuma_JP_Atlas - SQD_ZN_G_398
TAPV3.0;7D9E;-26,758043;26,420725;Hartbeesfontein_Truecom - SQD_NW_G_94 
TAPV3.0;7DA1;-23,883853;29,439045;Ladine - SQD_LP_G_113 
TAPV3.0;81A2;-25,5039222;28,0943694;Hervormde_Kerk_Soshanguve - SQD_GP_G_407
TAPV3.0;82FF;-23,826584;31,687013;KNP_Longwe_CP - SQD_LP_G_118
TAPV3.0;8302;-28,165487;22,372142;Bobbejaanskop - SQD_NC_G_39
TAPV3.0;833F;-26,155981;28,064035;Houghton_North - SQD_GP_G_279 
TAPV3.0;8340;-24,053216;29,673636;Ga_Lekgothoane - SQD_LP_G_50
TAPV3.0;8341;-26,146914;28,036776;Internet_Solutions_CP_Mobile - SQD_GP_M_380 
TAPV3.0;837A;-26,396432;27,580721;Doornkloof - SQD_GP_G_99
TAPV3.0;837C;-26,894843;26,659824;Ellaton_Truecom - SQD_NW_G_93 
TAPV3.0;8385;-24,192832;29,016148;Mokopane_East - SQD_LP_G_04 
TAPV3.0;8,30E+03;-24,770242;29,869577;Jane_Furse - SQD_LP_G_31
TAPV3.0;8,30E+04;-26,195923;28,363352;Rynsoord - SQD_GP_G_294 
TAPV3.0;8,30E+05;-33,88465561;18,49414659;Milnerton_CP - SQD_WC_M_208
TAPV3.0;8,30E+06;-31,638598;27,25882;Lady_Frere_LCOM - SQD_EC_G_131
TAPV3.0;8,30E+07;-26,84883;26,68953;Goudkop_Primary - SQD_NW_G_121
TAPV3.0;8,30E+08;-30,034588;30,838122;Adams_East_Atlas - SQD_ZN_G_402
TAPV3.0;8,30E+09;-33,649713;19,465814;Bacchus_Cellars - SQD_WC_G_181 
TAPV3.0;8,30E+10;-33,154224;27,626309;Seaview - SQD_EC_G_128
TAPV3.0;83EB;-26,330531;28,097146;Brackenhurst_South_352510 - SQD_GP_G_479
TAPV3.0;83EC;-33,961101;18,473072; Rondebosch_Exchange - SQD_WC_R_387
TAPV3.0;8405;-26,098711;27,745015;West_Krugersdorp_350157 - SQD_GP_G_476
TAPV3.0;8408;-24,889827;28,317254;Bela_Bela_Mokone_Street - SQD_LP_G_114
TAPV3.0;8434;-29,355217;29,994795;Nottingham_Road_353590 - SQD_ZN_G_394
TAPV3.0;8435;-33,95653;18,377182;Camps_Bay_Apex_CP  - SQD_WC_R_406
TAPV3.0;843A;-26,209893;28,025012;City_West - SQD_GP_G_305 
TAPV3.0;843B;-29,58155;26,664849;Dewetsdorp - SQD_FS_G_168
TAPV3.0;843C;-33,958121;18,403423;Table_Mountain - SQD_WC_M_206
TAPV3.0;845B;-25,887339;28,073113;Lochner - SQD_GP_G_299 
TAPV3.0;845E;-31,604527;28,777282;Charles_Glass - SQD_EC_G_19
TAPV3.0;845F;-28,142301;26,896173;Meloding - SQD_FS_G_114 
TAPV3.0;8460;-26,333128;28,356215;Labore - SQD_GP_G_322 
TAPV3.0;8464;-28,322891;27,626325;Senekal_Herotel - SQD_FS_G_135
TAPV3.0;847C;-28,304383;28,711875;Kestell - SQD_FS_G_116
TAPV3.0;878B;-26,528222;28,364044;Laerskool_AG_Visser_352772 - SQD_GP_G_507
TAPV3.0;88AF;-29,102018;26,22818;Bloemfontein - SQD_FS_G_16
TAPV3.0;88B4;-25,711864;27,883506;Harties - SQD_NW_G_46
TAPV3.0;88B5;-22,597752;30,329066;Tshipise_CP_MN2 - SQD_LP_G_146
TAPV3.0;88C4;-34,188827;22,124385;Mossel_Bay_Golf_Est - SQD_WC_G_44
TAPV3.0;890D;-26,889904;28,096649; Deneysville_ETE - SQD_FS_G_164
TAPV3.0;8910;-26,583555;29,18144;Secunda_Industrial - SQD_MP_G_12
TAPV3.0;8912;-30,533724;30,594276;Turton - SQD_ZN_G_154
TAPV3.0;8ABC;-26,157522;27,804442;Chamdor - SQD_GP_G_28
TAPV3.0;8ABD;-25,42586;30,0985;Dullstroom - SQD_ MP_G_156
TAPV3.0;8C35;-26,3434;28,15565;Katlehong_Sec_School - SQD_GP_G_405
TAPV3.0;8C3B;-26,165673;27,68232;Randgate_350297 - SQD_GP_G_474
TAPV3.0;8C49;-26,532559;27,859254;Nstele_Primary - SQD_GP_G_81
TAPV3.0;8C4A;-26,135103;29,729694;Kwazamokuhle_TS - SQD_MP_G_31
TAPV3.0;8C66;-29,644999;22,748979;Prieska - SQD_NC_G_17
TAPV3.0;8C9D;-33,071543;27,832183;Cove _Rock - SQD_EC_G_270
TAPV3.0;8CA3;-27,370939;23,738826;Washington_Atlas - SQD_NC_G_53
TAPV3.0;8CF4;-30,728082;30,365926;Oribi_East - SQD_ZN_G_98
TAPV3.0;8D1C;-26,00994;27,959113;Farmhall_Exchange - SQD_GP_G_588
TAPV3.0;8D7E;-26,249493;25,591364;Mooifontein - SQD_NW_G_86
TAPV3.0;8D97;-26,905857;26,590238;Lethlabile - SQD_NW_G_108
TAPV3.0;8D98;-33,010186;27,83805;Buffalo_Flats - SQD_EC_G_276
TAPV3.0;8D9F;-27,026982;30,782075;Mandla_Magudulela_Stadium - SQD_MP_G_147
TAPV3.0;8E2A;-28,5314;29,8101;Limit_Hill_Ladysmith_Atlas - SQD_ZN_G_328
TAPV3.0;8EF7;-24,851519;31,108653;Bushbuckridge - SQD_MP_G_33
TAPV3.0;8F52;-27,951732;25,706725;Vryheidsfarm - SQD_FS_G_61
TAPV3.0;8F53;-29,944248;30,941084;Lamontville - SQD_ZN_G_50
TAPV3.0;8F55;-25,98965;28,20916;Mikateka_Primary_School - SQD_GP_G_550
TAPV3.0;8F56;-26,984903;32,753167;Manguzi - SQD_ZN_G_177
TAPV3.0;8F58;-26,135342;28,175543;Edenglen - SQD_GP_G_402
TAPV3.0;8F59;-31,422542;28,772117;Nqadu_Dect - SQD_EC_G_156
TAPV3.0;90B6;-25,444554;25,819363;Dinokana - SQD_NW_G_38
TAPV3.0;90B7;-25,940074;28,044434;Saddlebrook - SQD_GP_R_149
TAPV3.0;90BA;-27,705626;32,164056;Muhlekazi - SQD_ZN_G_127
TAPMV3.0;92C9;-26,29337;28,05024;Glenvista_High - SQD_GP_G_573
TAPV3.0;96B9;-33,879495;25,559797;IGEN63_Dora_Herotel - SQD_EC_G_210
TAPV3.0;9772;-33,117405;27,709968;Beckfield - SQD_EC_G_166
TAPV3.0;9773;-29,296554;27,443614;Maseru_Border_Iclix - SQD_FS_G_72
TAPV3.0;9774;-24,273285;29,844983;Zeekoegat_Ext - SQD_LP_G_49 
TAPV3.0;9778;-25,470822;31,265519;Xpress_Mpakeni_Feb_Herotel - SQD_MP_G_159
TAPV3.0;9779;-33,678044;19,377573;Pokkraal_Herotel - SQD_WC_G_274
TAPV3.0;977A;-33,000417;27,906725;IGEN5-20_SkyView_Herotel  -  SQD_EC_G_193
TAPV3.0;978A;-27,385313;26,611843;Bothaville_Herotel - SQD_FS_G_133
TAPV3.0;979F;-28,116048;24,847398;Warrenton_Herotel - SQD_NC_G_46
TAPV3.0;97A0;-27,969341;26,835737;Thabong_East - SQD_FS_G_117 
TAPV3.0;97A1;-33,966427;18,830409;Capital_Place_Block_Herotel - SQD_WC_G_279
TAPV3.0;98F7;-32,782601;18,168021;Velddrif_Exchange - SQD_WC_G_324
TAPV3.0;99BA;-32,939353;24,667459;IGEN185_Jansenville_Herotel - SQD_EC_G_205
TAPV3.0;99BB;-27,367537;29,910907;Vukuzakhe - SQD_MP_G_28
TAPV3.0;99BC;-32,848798;27,967745;Glendale_Herotel - SQD_EC_G_201
TAPV3.0;9AD5;-32,507487;25,245998;IGEN184_Morgenson_Herotel - SQD_EC_G_217
TAPV3.0;9AD8;-30,538613;29,437288;Bhongweni - SQD_ZN_G_103
TAPV3.0;9B91;-33,950955;18,557368;Bonteheuwel_ALT_Nerina_Primary_Atlas -SQD_WC_G_412
TAPV3.0;9B92;-26,155165;27,937833;Quellerina_Jenny - SQD_GP_G_488
TAPV3.0;9B93;-32,793845;26,837103;Alice_AP_Herotel - SQD_EC_G_189
TAPV3.0;9B96;-33,723561;18,990023;Nederburg_Exchange - SQD_WC_G_388
TAPV3.0;9B97;-25,690541;31,801702;Tonga - SQD_MP_G_60
TAPV3.0;9BB9;-31,069928;24,437697;Hanover - SQD_NC_G_16 
TAPV3.0;9BBB;-26,21050358;28,12240673;Discovery_Mobile_02
TAPV3.0;9BBC;-33,491234;22,520098;De_Rust_Herotel - SQD_WC_G_253
TAPV3.0;9BBD;-33,857232;18,516717;Sonic_House_Herotel - SQD_WC_G_277 
TAPV3.0;9BE6;-27,873167;26,669194;Hospital_Park_353128 - SQD_FS_G_174
TAPV3.0;9BE7;-25,39822;31,16646;CIRTECH_LAB_4
TAPV3.0;9BE8;-25,874046;29,209722;Nedbank_Jenny - SQD_MP_R_131
TAPV3.0;9BE9;-26,218364;27,835749;Obed_Mosiane_School - SQD_GP_G_304 
TAPV3.0;9BEA;-33,947538;25,557892;IGEN50_Trafalgar_Herotel - SQD_EC_G_179
TAPV3.0;9C31;-26,775525;27,844134;Vaalpark_Hervormde_Kerk - SQD_FS_G_118
TAPV3.0;9C32;-26,089593;25,8724;Itsoseng_South - SQD_NW_G_43
TAPV3.0;9C33;-29,085554;31,424719;Isithebe - SQD_ZN_G_86
TAPV3.0;9C34;-31,414346;23,94429;Richmond_C - SQD_NC_G_21
TAPV3.0;9C36;-33,943738;18,489479;Vincent_Pallotti_Herotel - SQD_WC_R_271
TAPV3.0;9C38;-34,053039;18,363076;Houtbaai_Sekondere_Skool_Herotel - SQD_WC_R_288
TAPV3.0;9C39;-26,470458;27,852189;Reamohetsoe_Primary_School - SQD_GP_G_326
TAPV3.0;9C3A;-26,324903;28,445404;Sharon_Park_351123 - SQD_GP_G_481
TAPV3.0;9C3C;-34,021127;22,759781;Fynboskruin_Herotel - SQD_WC_G_296
TAPV3.0;9C3D;-30,268963;28,792921;Maluti - SQD_EC_G_200
TAPV3.0;9C45;-28,913343;27,567197;Clocolan_Iclix - SQD_FS_G_132
TAPV3.0;9C47;-33,012123;27,899988;East_London_MW -SQD_EC_G_01
TAPV3.0;9C48;-29,709781;31,006975;Romeo_Complex - SQD_ZN_G_326
TAPV3.0;9C49;-25,685381;28,109887;Piket_Jenny - SQD_GP_G_273
TAPV3.0;9C4A;-29,116455;26,184141;Universitas_Iclix - SQD_FS_G_146
TAPV3.0;9C4B;-34,042745;22,232217;Groot_Brakrivier_Herotel - SQD_WC_G_261 
TAPV3.0;9C4C;-29,237901;26,172604;Leeuberg_Iclix - SQD_FS_G_82
TAPV3.0;9C99;-33,924632;18,857047;KWV_Nooitgedach_Herotel - SQD_WC_G_250
TAPV3.0;9C9A;-34,405664;19,27811;Voelklip_Exchange - SQD_WC_G_326
TAPV3.0;9C9B;-28,880602;31,90323;Esikhawini - SQD_ZN_G_85
TAPV3.0;9C9D;-31,085522;28,364525;Maclear - SQD_EC_G_75
TAPV3.0;9C9E;-33,864511;18,72516;Scottsdene_Church_Atlas -SQD_WC_G_330
TAPV3.0;9CE1;-26,493032;28,538319;Nigel - SQD_GP_G_169
TAPV3.0;9CE3;-29,438373;30,589268;Wartburg - SQD_ZN_G_124
TAPV3.0;9CE6;-29,037456;30,582678;GreytownHS_Herotel - SQD_ZN_G_295
TAPV3.0;9CE7;-26,16665;27,90919;Florida_Park_High - SQD_GP_G_414
TAPV3.0;9CE8;-25,985061;28,157683;Ebony House - SQD_GP_G_336
TAPV3.0;9CEC;-34,131924;18,404918;Fish_Hoek_Tower_Herotel -SQD_WC_G_238 
TAPV3.0;9CEE;-33,919047;18,385368;Pavillion_Place_Herotel - SQD_WC_R_266
TAPV3.0;9CF9;-25,136331;31,12864;Emahusha - SQD_MP_G_62
TAPV3.0;9D41;-33,953889;18,886095;Oesnek_Herotel -  SQD_WC_G_230
TAPV3.0;9D43;-33,333192;20,026863;Touwsriver_Herotel - SQD_WC_G_257
TAPV3.0;9D46;-25,872775;29,235011;Safeway_Jenny - SQD_MP_G_130
TAPV3.0;9DAA;-26,544942;29,078597;Emba_Jenny - SQD_MP_R_135
TAPV3.0;9DAB;-32,691608;26,343989;IGEN205_Adelaid_Herotel -SQD_EC_G_188
TAPV3.0;9DAF;-29,455759;30,277591;Karkloof - SQD_ZN_G_201
TAPV3.0;9DBE;-25,771945;28,234452;Brooklyn_Mall_CP - SQD_GP_R_382
TAPV3.0;9DBF;-23,88842;30,296845;Nkowankowa - SQD_LP_G_41
TAPV3.0;9DC2;-25,634372;27,287347;Rustenburg_25 - SQD_NW_G_109
TAPV3.0;9DC5;-33,909564;18,661484;Kuilsriver_Herotel - SQD_WC_G_308
TAPV3.0;9,00E+14;-34,12772;18,434319;Clovelly_Herotel (Fish Hoek) - SQD_WC_G_319
TAPV3.0;9,00E+15;-24,98678;31,237371;MATIKWANA HOSPITAL - SQD_MP_G_63
TAPV3.0;9,00E+19;-33,998225;22,615514;Wildernes_Caltex_Views_Herotel - SQD_WC_G_295
TAPV3.0;9E1A;-25,256779;29,145871;Dennilton_Ext - SQD_LP_G_45 
TAPV3.0;9E1F;-31,069515;25,133385;Kikvors_LCOM - SQD_NC_G_45
TAPV3.0;9F30;-29,714576;30,49799;Umlaas_WT - SQD_ZN_G_31
TAPV3.0;9F32;-32,699037;28,355185;Airstrip_Herotel - SQD_EC_G_203
TAPV3.0;9F33;-26,196098;28,280693;Anderbolt_East - SQD_GP_G_293
TAPV3.0;9F38;-32,814993;28,115702;Chintsa_East_Water_Herotel - SQD_EC_G_202 
TAPV3.0;9F3A;-33,210702;27,119418;Peddie_Herotel - SQD_EC_G_198
TAPV3.0;9F3B;-29,94876;30,88704;Umlazi_Unit7 - SQD_ZN_G_408
TAPV3.0;9F3C;-23,677746;27,736274;Lephalale - SQD_LP_G_25
TAPV3.0;9F51;-26,564752;25,825319;Agisanang _Atlas - SQD_NW_G_117 
TAPV3.0;9F53;-28,636452;27,410921;Marquard_Iclix - SQD_FS_G_122 
TAPV3.0;9F54;-30,41471;26,815959;Rouxville - SQD_FS_G_36
TAPV3.0;9F57;-26,130318;28,072467;Winston_Ridge - SQD_GP_G_337
TAPV3.0;9F58;-28,433681;32,183502;UMFOLOZI_Old_Apostolic_Church_Atlas - SQD_ZN_G_341
TAPV3.0;9F5A;-26,356542;27,333831;Motsami_Atlas - SQD_GP_G_490
TAPV3.0;9F5B;-25,920608;28,017977;Itirele_Zenzele - SQD_GP_G_320
TAPV3.0;9F5F;-29,741737;25,943295;Edenburg_Iclix - SQD_FS_G_119
TAPV3.0;9F61;-27,754064;26,646926;Allanridge - SQD_FS_G_67
TAPV3.0;9F62;-26,457373;27,767345;Poortjie - SQD_GP_G_306
TAPV3.0;9F63;-27,325812;31,496389;Mkwakweni_Jenny - SQD_ZN_G_284
TAPV3.0;9F64;-34,397503;19,160722;Onrus_Herotel - SQD_WC_G_227
TAPV3.0;9F66;-32,942341;27,947724;Transtruct_Herotel - SQD_EC_G_265
TAPV3.0;9F68;-25,428504;31,159268;Yedwa_Primary_Atlas - SQD_MP_G_170 
TAPV3.0;9F69;-33,039292;27,833613;Tayside_AP_Herotel - SQD_EC_G_208
TAPV3.0;9F7F;-24,733549;30,207411;Steelpoort_Town - SQD_LP_G_133
TAPV3.0;9F8C;-33,832446;18,716717;Kraaifontein_Herotel - SQD_WC_G_278
TAPV3.0;9F8F;-26,318427;26,826039;Ventersdorp_ETE -SQD_NW_G_130
TAPV3.0;9F90;-25,996441;27,995815;Broadacres_352774 - SQD_GP_G_410
TAPV3.0;9F91;-26,696873;25,440428;AP137_Delareyville _Herotel - SQD_NW_G_118
TAPV3.0;9F94;-27,341606;30,162182;Wakkerstroom - SQD_MP_G_49
TAPV3.0;9F95;-25,287909;31,168953;Tsembaletfu_Primary_Atlas - SQD_MP_G_171 
TAPV3.0;9F96;-26,621325;27,941239;Waldrif - SQD_GP_G_486
TAPV3.0;9F97;-34,154921;18,994372;Grabouw - SQD_WC_G_177
TAPV3.0;9F98;-30,34729;28,809672;Matatiele - SQD_EC_G_74
TAPV3.0;9F9A;-29,853341;30,989625;Glen_Ridge_Gardens_Tech5 - SQD_ZN_R_280
TAPV3.0;9F9C;-33,963195;25,609862;IGEN162_Park_Towers_Herotel - SQD_EC_G_211
TAPV3.0;9F9F;-30,307828;30,658221;Umzinto_Heights_Reservoir - SQD_ZN_G_271
TAPV3.0;9FA0;-23,289945;29,14487;Bochum - SQD_LP_G_51
TAPV3.0;9FA2;-34,344564;18,835017;Pringle_Bay_Exchange - SQD_WC_G_384
TAPV3.0;9FA3;-27,913295;24,841845;Jan_Kempdorp_VB34_TrueCom - SQD_NC_G_47 
TAPV3.0;9FA9;-28,280697;26,143547;Bultfontein_Herotel - SQD_FS_G_136
TAPV3.0;9FAC;-29,622462;24,089549;Hopetown - SQD_NC_G_59
TAPV3.0;9FAD;-24,65567;29,94344;Tsatane - SQD_LP_G_156
TAPV3.0;9FAE;-29,409098;24,994951;Koffiefontein_Herotel - SQD_FS_G_134
TAPV3.0;9FB0;-34,608953;19,337612;Kleinbaai_Herotel - SQD_WC_G_258
TAPV3.0;9FB1;-25,860463;27,529873;Hekpoort_Herotel - SQD_GP_G_491
TAPV3.0;9FB2;-25,872743;28,372189;The_Hills - SQD_GP_G_197
TAPV3.0;9FDA;-34,360432;19,941428;Napier_RPT - SQD_WC_G_348
TAPV3.0;9FDC;-25,460082;28,118921;Soshanguve North - SQD_GP_G_141
TAPV3.0;9FE0;-33,646979;23,126134;IGEN126_Uniondale_Herotel - SQD_WC_G_246
TAPV3.0;9FE1;-24,027771;29,3205241;Snymansdrift - SQD_LP_G_13
TAPV3.0;9FE2;-23,265248;28,431683;Baltimore - SQD_LP_G_37 
TAPV3.0;9FE3;-34,295742;21,913317;Vleesbay_Herotel - SQD_WC_G_243
TAPV3.0;9FE5;-23,16559;30,227188;Magweni_Village - SQD_LP_G_36 
TAPV3.0;9FE7;-28,916362;29,610519;Maqedandaba - SQD_ZN_G_300 
TAPV3.0;9FE8;-34,355987;18,898853;Bettys_Bay_Exchange  - SQD_WC_G_336
TAPV3.0;9FEA;-34,546612;20,028589;Bredasdorp - SQD_WC_G_81
TAPV3.0;09-Feb;-33,144206;18,673736;AFM_Moorreesburg_Atlas -SQD_WC_G_345
TAPV3.0;9FED;-29,887574;30,871083;Shallcross - SQD_ZN_G_237
TAPV3.0;9FEE;-28,322336;23,065413;Postmasburg - SQD_NC_G_29
TAPV3.0;9FF1;-33,801224;18,462063;Blue_Waters_Herotel - SQD_WC_R_232
TAPV3.0;9FF2;-26,02323;27,91982;Cosmo_City_351498 - SQD_GP_G_477
TAPV3.0;9FF3;-25,759895;27,929473;Saartjiesnek_Herotel - SQD_NW_G_114
TAPV3.0;9FF4;-28,384323;30,370838;Helpmekaar - SQD_ZN_G_129
TAPV3.0;A10A;-24,539758;30,870846;Mariepskop_Electra - SQD_MP_G_98
TAPV3.0;A10C;-26,247146;27,856073;Kwa_Xuma - SQD_GP_G_134
TAPV3.0;A10D;-27,369847;29,883444;Volksrust_ETE - SQD_MP_G_183
TAPV3.0;A10E;-28,717705;24,771323;Kimberley_Ind - SQD_NC_G_02
TAPV3.0;A110;-29,688562;31,043867;CornubiaHS_Herotel - SQD_ZN_G_296
TAPV3.0;A111;-28,7589;32,0617;Arboretum_Church_Atlas - SQD_ZN_G_325
TAPV3.0;A112;-26,227667;27,688528;Phahama_Secondary_School_352626 - SQD_GP_G_447
TAPV3.0;A113;-26,623165;30,635454;Amsterdam_Jenny - SQD_MP_G_122
TAPV3.0;A114;-29,002944;29,859436;Estcourt_Agrico_Atlas - SQD_ZN_G_309
TAPV3.0;A116;-26,932748;29,23371;Kosmospark - SQD_MP_G_48
TAPV3.0;A117;-25,616069;27,260472;Seraleng_Atlas - SQD_NW_G_134
TAPV3.0;A118;-24,415853;30,089386;Dilokong_Ext - SQD_LP_G_32
TAPV3.0;A119;-24,852526;29,952703;Sekhukhune - SQD_LP_G_43
TAPV3.0;A11A;-29,669242;30,940931;Inanda_Tech5 - SQD_ZN_R_282
TAPV3.0;A11C;-26,487893;29,217391;Trichart_Jenny - SQD_MP_G_112
TAPV3.0;A133;-26,085489;27,918344;Eagle_Canyon_Estate_CP - SQD_GP_R_355
TAPV3.0;A134;-29,723288;27,031443;Wepener - SQD_FS_G_66 
TAPV3.0;A135;-34,02852;18,44779;Lower_Constantia -SQD_WC_G_311
TAPV3.0;A136;-29,146054;26,156864;Brandkop_Iclix - SQD_FS_G_120
TAPV3.0;A137;-33,0096;17,9078;AME_Diazville_Atlas - SQD_WC_G_325
TAPV3.0;A13A;-24,595577;31,062943;Acornhoek_Town - SQD_MP_G_35
TAPV3.0;A13B;-33,815211;18,670534;DurbanVille_Apex_CP - SQD_WC_R_407
TAPV3.0;A13E;-25,723519;28,140703;Hoerskool_Tuine - SQD_GP_G_334
TAPV3.0;A140;-27,211391;26,927287;Viljoenskroon_Silos_Herotel - SQD_FS_G_123
TAPV3.0;A143;-25,738847;28,216039;PIETER_DELPORT_Herotel -  SQD_GP_G_352
TAPV3.0;A144;-26,325193;26,294715;Reboneilwe_Secondary - SQD_NW_G_101
TAPV3.0;A148;-28,9000917;29,4335111;Arthurs_Seat_Jenny -SQD_ZN_G_286
TAPV3.0;A149;-22,929208;30,273502;Khalavha - SQD_LP_G_53
TAPV3.0;A14A;-26,248881;28,060398;ROSETTENVILLE_EXCHANGE - SQD_GP_G_512
TAPV3.0;A14B;-29,746903;30,973793;Kwa_Mashu - SQD_ZN_G_258
TAPV3.0;A14C;-24,686313;30,192825;Wintersveld_Herotel - SQD_LP_G_162
TAPV3.0;A14D;-25,658003;28,199315;Wonderboom_Atlas - SQD_GP_G_555
TAPV3.0;A14E;-24,423243;29,770596;Ga_Nchabeleng - SQD_LP_G_30
TAPV3.0;A14F;-25,580072;27,14809;Phokeng - SQD_NW_G_08
TAPV3.0;A150;-26,505872;27,468621;Retile_Primary - SQD_GP_G_332 
TAPV3.0;A151;-25,788101;28,097674;Laudium - SQD_GP_G_209 
TAPV3.0;A15B;-33,890687;18,721343;Brackenfell_Crammix_Atlas - SQD_WC_G_410
TAPV3.0;A162;-29,218112;26,67163;Vaalkraal - SQD_FS_G_46
TAPV3.0;A170;-25,439675;28,513393;Nkosi_MW - SQD_GP_G_174
TAPV3.0;A172;-33,820863;23,871643;Joubertina_Noord_Herotel - SQD_EC_G_199
TAPV3.0;A174;-22,63907;30,23227;Tshipise_CP_MN1 - SQD_LP_G_145
TAPV3.0;A177;-29,071553;30,578305;Greytown_Central - SQD_ZN_G_105
TAPV3.0;A178;-32,987691;27,941816;Harewood_Herotel -SQD_EC_G_269
TAPV3.0;A179;-29,478428;31,245233;Kwazulu_Natal_Mobile_1_Thandi - SQD_ZN_M_288 
TAPV3.0;A17A;-33,663675;18,988739;Supa_U - SQD_WC_G_200
TAPV3.0;A17B;-34,180188;18,417826;Red_Hill_Herotel - SQD_WC_G_240
TAPV3.0;A17C;-33,823543;18,852343;Klapmutskop - SQD_WC_G_190 
TAPV3.0;A17F;-29,827524;30,980961;Sydenham_Court_Tech5 - SQD_ZN_R_279
TAPV3.0;A183;-25,748217;28,232847;Hatfield_ETE - SQD_GP_G_521
TAPV3.0;A184;-26,657091;27,849669;Boipatong - SQD_GP_G_108
TAPV3.0;A186;-26,568169;29,074315;Embalenhle_Atlas - SQD_MP_G_169
TAPV3.0;A189;-28,944839;27,060313;Excelsior_Iclix - SQD_FS_G_121 
TAPV3.0;A18B;-22,978352;30,466704;Thohoyandou - SQD_LP_G_18
TAPV3.0;A18D;-26,581367;27,877799;Langerand - SQD_GP_G_116
TAPV3.0;A18F;-28,5219;28,423;Clarens_Atlas - SQD_FS_G_169
TAPV3.0;A191;-33,937873;18,445445;Upper_Walmer_Herotel - SQD_WC_R_270
TAPV3.0;A192;-29,106562;25,411243;Petrusburg_Silos_Herotel - SQD_FS_G_131
TAPV3.0;A193;-32,680413;27,259915;Mount_Kemp_herotel - SQD_EC_G_190
TAPV3.0;A196;-26,212659;28,160047;Germiston - SQD_GP_G_45
TAPV3.0;A1C1;-34,595281;19,75445;Elim_CP - SQD_WC_G_341
TAPV3.0;A1C2;-29,902606;30,976185;Rossburgh - SQD_ZN_G_45
TAPV3.0;A1C6;-33,97987;25,523022;Lorraine - SQD_EC_G_253
TAPV3.0;A1C7;-33,907782;19,073124;Matoppi_Herotel - SQD_WC_G_276
TAPV3.0;A1E7;-32,567674;27,42752;Stutterheim - SQD_EC_G_71
TAPV3.0;A1E8;-33,318504;26,528605;PJ Koshuis_Herotel - SQD_EC_G_185
TAPV3.0;A1E9;-33,816227;18,694337;Uitsig_Spar_Herotel - SQD_WC_R_265
TAPV3.0;A1EA;-23,61917;30,25658;Ravenshill_Repeater_352148- SQD_LP_G_142
TAPV3.0;A1EF;-34,150144;19,919399;Riviersonderend_Altas - SQD_WC_G_349
TAPV3.0;A1F0;-26,023319;28,184958;Tembisa_Christian_Local_Church - SQD_GP_G_327
TAPV3.0;A1F2;-31,993426;26,27214;SQD_EC_G_216 - Tarkastad_Herotel
TAPV3.0;A1F5;-26,1021;27,859;Roodekrans_Atlas - SQD_GP_G_533
TAPV3.0;A1F7;-23,611288;28,824026;Ham - SQD_LP_G_24
TAPV3.0;A1F8;-24,766179;31,903348;KNP_Nmwamuriwa_CP - SQD_MP_G_151
TAPV3.0;A1FA;-26,285592;28,470406;Edelweiss_Springs_352657 - SQD_GP_G_563
TAPV3.0;A1FB;-25,81132;28,31168;Garsfontein_East - SQD_GP_G_530
TAPV3.0;A1FC;-26,240573;27,897743;Dube_Day - SQD_GP_G_303
TAPV3.0;A1FD;-25,777428;29,427807;Shielding_Heights_352955 - SQD_MP_G_180
TAPV3.0;A1FE;-29,827375;30,944401;Westville_East - SQD_ZN_G_25
TAPV3.0;A64B;-30,20487;30,748512;Umkomaas_West - SQD_ZN_G_145
TAPV3.0;A64C;-29,025136;31,58624;Gingindlovu_Old_Apostolic_Church_Atlas - SQD_ZN_G_361
TAPV3.0;A64D;-29,7157;31,079835;NG_Kerk_Umhlanga_Atlas - SQD_ZN_G_354
TAPV3.0;A64E;-29,933832;30,973059;MOBENI EAST - SQD_ZN_G_47
TAPV3.0;A650;-28,707761;29,368338;Bergville_Town - SQD_ZN_G_133
TAPV3.0;A652;-26,112091;28,181295;Spartan_Helios - SQD_GP_G_517
TAPV3.0;A653;-26,25707;28,238; Freeway_Park_Primary_School_Helios - SQD_GP_G_546
TAPV3.0;A654;-29,0907;26,2754;Estoire_Atlas - SQD_FS_G_167
TAPV3.0;A655;-26,18703;28,049256;Hillbrow_Tower - SQD_GP_G_84
TAPV3.0;A656;-25,802393;28,243055;Waterkloof_Ridge_Helios - SQD_GP_G_544
TAPV3.0;A657;-25,713;28,27098;Lindopark_350568 - SQD_GP_G_389
TAPV3.0;A658;-26,5636;27,9282;Klub_Koppisol_Atlas - SQD_GP_G_535
TAPV3.0;A659;-29,583395;30,331328;Worlds_View_Tech5 - SQD_ZN_G_241
TAPV3.0;A65A;-30,299872;27,081158;Zastron_ETE - SQD_FS_G_152
TAPV3.0;A65B;-29,6789;31,01583; Shastri_Park_350859 - SQD_ZN_G_385
TAPV3.0;A65C;-27,681909;31,049776;Veelsgeluk - SQD_ZN_G_348
TAPV3.0;A65D;-28,014219;30,059917;Dannhauser - SQD_ZN_G_327
TAPV3.0;A65E;-29,816124;31,013179;Lady_Ann_Tech5 - SQD_ZN_R_243
TAPV3.0;A660;-34,8009;20,0404;Struisbaai_Industrial_Atlas - SQD_WC_G_313
TAPV3.0;A661;-34,133031;22,105143;South_Cape_Coins - SQD_WC_G_402
TAPV3.0;A662;-29,727154;31,085558;Umhlanga_Lighthouse_Tech5 - SQD_ZN_G_317
TAPV3.0;A663;-29,716509;31,053037;Accord_Tech5 - SQD_ZN_R_278
TAPV3.0;A664;-25,5492;27,6077;Bethanie_North_Atlas - SQD_NW_G_119
TAPV3.0;A665;-29,751706;31,070061;Saratoga_Tech5 - SQD_ZN_R_240
TAPV3.0;A666;-32,903266;18,755711;Piketberg_Agrico_Atlas - SQD_WC_G_347
TAPV3.0;A667;-34,227304;19,198981;Botrivier_Central_Atlas - SQD_WC_G_350
TAPV3.0;A669;-26,270902;27,935514;Jumbo_Tower - SQD_GP_G_213
TAPV3.0;A66A;-23,911947;29,453953;Pietersburg - SQD_LP_G_01
TAPV3.0;A66B;-32,802573;26,822598; Alice_MW - SQD_EC_G_236
TAPV3.0;A66C;-26,050624;28,100311; Buccleuch_Helios - SQD_GP_G_421
TAPV3.0;A66D;-28,710175;24,724144;Tetlanyo_High_School - SQD_NC_G_50
TAPV3.0;A66F;-29,81087;30,95248;Reservoir_Hills_350827 - SQD_ZN_G_365
TAPV3.0;A672;-27,906069;31,645298;Nongoma_ETE - SQD_ZN_G_347
TAPV3.0;A673;-29,607997;31,141437;Desainagar - SQD_ZN_G_16
TAPV3.0;A674;-28,299171;31,422821;Ulundi_CEN - SQD_ZN_G_109
TAPV3.0;A675;-30,289721;29,938896; Clydesdale - SQD_ZN_G_345
TAPV3.0;A677;-26,159319;28,321185;Rynfield - SQD_GP_G_19
TAPV3.0;A678;-26,096964;28,149409;Northrand - SQD_GP_G_452
TAPV3.0;A679;-26,222405;28,291762;BOKSBURG_EAST_EXCHANGE - SQD_GP_G_514
TAPV3.0;A67A;-26,098957;27,979436; Malanshof_Randburg_Atlas - SQD_GP_G_540
TAPV3.0;A67C;-26,522195;29,984308;Ermelo - SQD_MP_G_141
TAPV3.0;A67D;-23,867242;30,184809;Yormona - SQD_LP_G_151
TAPV3.0;A67E;-33,970343;18,535837;Athlone_Exchange - SQD_WC_G_14
TAPV3.0;A680;-33,907902;18,777709;Botlarey_Hill - SQD_WC_G_01
TAPV3.0;A681;-33,952458;18,654424;Lighthouse_Church_Atlas - SQD_WC_G_390
TAPV3.0;A682;-34,051438;18,634624;Eastridge_Baptist_Church - 353058 - SQD_WC_G_213
TAPV3.0;A684;-26,12388;27,87497;Helderkruin - SQD_GP_G_444
TAPV3.0;A685;-29,259145;17,735234;Steinkopf  -SQD_NC_G_64
TAPV3.0;A686;-33,499194;21,436127;Zoar_ETE - SQD_WC_G_342
TAPV3.0;A688;-25,823819;29,215443;Wit_27_Clarinet_Helios - SQD_MP_G_196
TAPV3.0;A689;-34,158221;22,101655;Bally_Crescent_Atlas - SQD_WC_G_370
TAPV3.0;A68A;-28,590375;29,788433;Ladysmith_MW - SQD_ZN_G_38
TAPV3.0;A68B;-23,882361;29,703139;Mankweng - SQD_LP_G_163
TAPV3.0;A68C;-32,186591;18,890318;Mount_Synott_Clanwilliam_Atlas -SQD_WC_G_362
TAPV3.0;A68D;-33,144954;21,097825;Oskopvlakte - SQD_WC_G_62
TAPV3.0;A68E;-33,286056;19,142521;Tulbagh_Exchange - SQD_WC_G_358
TAPV3.0;A68F;-28,778355;24,774601;Greenpoint_Atlas - SQD_NC_G_65
TAPV3.0;A692;-33,916616;18,425839;Foreshore -SQD_WC_R_355
TAPV3.0;A693;-34,006356;18,347209;Llandudno_ADT_CP - SQD_WC_G_310
TAPV3.0;A694;-29,022848;24,636275;Modderrivier_Iclix - SQD_NC_G_60
TAPV3.0;A695;-26,333587;27,87444;Themb_Elihle_Atlas - SQD_GP_G_451
TAPV3.0;A696;-23,939644;31,113367;Phalaborwa_Herotel -SQD_LP_G_152
TAPV3.0;A697;-33,223723;22,028265;Prince_Albert - SQD_WC_G_372
TAPV3.0;A698;-33,879785;18,505434; Milnerton(Cape_Town_Radio) - SQD_WC_G_209
TAPV3.0;A699;-26,0621;27,9023; Zandspruit_Atlas - SQD_GP_G_532
TAPV3.0;A69B;-26,658425;27,970984;Three_Rivers - SQD_GP_G_466
TAPV3.0;A69C;-27,232757;26,241114;Leeuwdoornstad_AP80_TrueCom - SQD_NW_G_75
TAPV3.0;A69D;-26,246808;28,316397;Dalpark  - SQD_GP_G_287
TAPV3.0;A69E;-26,105829;27,804844;Krugersdorp - SQD_GP_G_154
TAPV3.0;A6A0;-33,797909;25,478723;Small_Street_353250 - SQD_EC_G_226
TAPV3.0;A6A1;-34,009981;18,715567;Yellowwood_Rd_NOMINAL_Atlas - SQD_WC_G_389
TAPV3.0;A6A2;-34,116357;18,82968;Strand_Exchange -SQD_WC_G_365
TAPV3.0;A6A3;-26,115941;30,774143;Lochiel - SQD_MP_G_79
TAPV3.0;A6A4;-32,592273;19,012529;Citrusdal_MW - SQD_WC_G_344
TAPV3.0;A6A5;-32,959266;27,896899;Cambridge_Dect - SQD_EC_G_228
TAPV3.0;A6A6;-32,851369;27,436483;Bisho - SQD_EC_G_97
TAPV3.0;A6A8;-32,562277;27,447209;Bubele_Atlas - SQD_EC_G_147
TAPV3.0;A6A9;-26,228;28,17857;Delville_NG_Church_351386 - SQD_GP_G_416
TAPV3.0;A6AC;-33,65847;26,410791;Alexandria - SQD_EC_G_230
TAPV3.0;A6AE;-33,037732;27,875504;Ronnies_Westbank_Herotel -SQD_EC_G_263
TAPV3.0;A6B0;-26,209646;28,051143;Mooi_Street - SQD_GP_R_469
TAPV3.0;A6B1;-26,315398;28,1492;Katlehong_North_Helios - SQD_GP_G_537
TAPV3.0;A6B3;-26,532881;29,086529;Embalenhle_Ext- SQD_MP_G_55
TAPV3.0;A6B4;-25,095462;30,453097;Lydenburg_ATE - SQD_MP_G_187
TAPV3.0;A6B6;-25,446713;30,954008;Nelspruit_MW - SQD_MP_G_19
TAPV3.0;A6B7;-25,97195;28,13313; Midridge_Park_350322 - SQD_GP_G_494
TAPV3.0;A6B9;-26,728206;27,05045;Pudulogo_Primary_School - SQD_NW_G_135
TAPV3.0;A6BC;-25,8624;28,1377;NG_Kerk_Wierdapark_Suid_Atlas - SQD_GP_G_529
TAPV3.0;A6BE;-34,049913;19,609125;Greyton_Exchange - SQD_WC_G_338
TAPV3.0;A6BF;-26,203421;28,068346;Jeppes_Town_ETE - SQD_GP_R_470
TAPV3.0;A6C0;-33,892138;18,548425;Monte_Vista-SQD_WC_G_216
TAPV3.0;A6C1;-34,02009;18,661542;Independent_Educare_Atlas - SQD_WC_G_374
TAPV3.0;A6C2;-34,230114;19,426543;Caledon_Exchange - SQD_WC_G_346
TAPV3.0;A6C3;-34,070289;18,580797;Strandfontein_Exchange -SQD_WC_R_334
TAPV3.0;A6C4;-34,369796;21,405626;Stilbaai_Exchange -SQD_WC_G_361
TAPV3.0;A6C5;-26,160832;28,542034;Rietkol_AH_South_Atlas - SQD_MP_G_168
TAPV3.0;A6C7;-33,885821;18,652032;Bellville_North_Exchange - SQD_WC_G_379
TAPV3.0;A6C8;-33,494196;21,268272;Ladismith_Exchange - SQD_WC_G_323
TAPV3.0;A6C9;-25,594362;27,784007;Brits_Farm_North - SQD_NW_G_107
TAPV3.0;A6CA;-33,865264;18,532607;NG_Kerk_Bothasig_Atlas - SQD_WC_G_332
TAPV3.0;A6CB;-26,755583;27,712694;Windsor_352741 - SQD_GP_G_561
TAPV3.0;A6CD;-34,010504;18,619894;Kwa_Faku_Primary_Atlas - SQD_WC_G_366
TAPV3.0;A6CF;-33,514751;18,478812;Mamre_Primary_Atlas - SQD_WC_G_367
TAPV3.0;A6D0;-33,834104;18,649053;Durbanville_Exchange - SQD_WC_G_321
TAPV3.0;A6D2;-33,3764;18,3795;Engen_Darling_Atlas - SQD_WC_G_309
TAPV3.0;A6D3;-34,138072;18,430473;Fish_Hoek_Exchange - SQD_WC_G_376
TAPV3.0;A6D4;-23,979095;30,274093; Lenyenye - SQD_LP_G_39
TAPV3.0;A6D5;-33,06231;18,34707;Bhagwa_353075 - SQD_WC_G_301
TAPV3.0;A6D7;-26,18817;27,99072;Hoerskool_Vorentoe - SQD_GP_G_397
TAPV3.0;A6DB;-22,992159;29,907952;Misty_Heights - SQD_LP_G_109
TAPV3.0;A6DC;-26,170954;27,884478;Laerskool_Die_Ruiter_Atlas - SQD_GP_G_559
TAPV3.0;A6DD;-25,857234;29,240581;Die_Heuwel_Noord - SQD_MP_R_148
TAPV3.0;A6DE;-25,775476;31,022596;Emjindini_Church_Atlas - SQD_MP_G_185
TAPV3.0;A6E0;-26,38074;28,16244;Moleleki_Exchange - SQD_GP_G_503
TAPV3.0;A6E1;-23,844771;29,243761;Setotoloane - SQD_LP_G_55
TAPV3.0;A6E4;-26,702218;27,836599;Vanderbijlpark - SQD_GP_G_82
TAPV3.0;A6E5;-25,785813;28,243894;Waterkloof_West - SQD_GP_G_292
TAPV3.0;A6E6;-26,162507;28,294145;Farramere_Gardens_Atlas - SQD_GP_G_420
TAPV3.0;A6E7;-26,71439;30,186561;Bambane - SQD_MP_G_107
TAPV3.0;A6E8;-28,12788;25,503469;Hertzogville_ETE - SQD_FS_G_157
TAPV3.0;A6EA;-25,911517;28,092839;Olivenhoutbosch - SQD_GP_G_325
TAPV3.0;A6EC;-26,870442;26,650676;Telkom_Koppie_Herotel - SQD_NW_G_120
TAPV3.0;A6EF;-25,921472;28,16661;Telkom Midstream - SQD_GP_G_12
TAPV3.0;A6F1;-31,622493;29,545114;Port_St_Johns_MW - SQD_EC_G_233
TAPV3.0;A6F4;-33,787834;20,142392;Montagu_2_Herotel -SQD_WC_G_353
TAPV3.0;A6F5;-32,094399;18,876776;Steenrug_Herotel - SQD_WC_G_293
TAPV3.0;A6F6;-34,096739;20,962755;Heidelberg_Atlas -SQD_WC_G_351
TAPV3.0;A6F9;-26,10637;27,84287;Watchtower_351422 - SQD_GP_G_445
TAPV3.0;A6FB;-29,74196;30,684298;Monteseel_Tech5 - SQD_ZN_G_322
TAPV3.0;A6FE;-33,723214;23,051017;IGEN127_Potjiesberg_Herotel - SQD_WC_G_251
TAPV3.0;A6FF;-33,375785;25,431338;Kirk_Herotel - SQD_EC_G_180
TAPV3.0;A700;-27,014693;28,621051;Qalabotja_Township - SQD_FS_G_74
TAPV3.0;A701;-26,309;28,1097;Brackenhurst_Atlas - SQD_GP_G_404
TAPV3.0;A702;-25,997128;28,039798;Glenferness_AH_Atlas - SQD_GP_G_376
TAPV3.0;A703;-26,2612;28,0521;NGK_Townsview_Atlas - SQD_GP_G_392
TAPV3.0;A704;-26,149182;27,864275;Horizon_Yard - SQD_GP_G_142
TAPV3.0;A706;-27,187535;25,978719;Wolmaranstad_AP72_TrueCom - SQD_NW_G_74
TAPV3.0;A707;-33,80538;18,47575;Westport_Square_351402 - SQD_WC_G_386
TAPV3.0;A70C;-26,8722;26,5668;Alabama_Atlas - SQD_NW_G_126
TAPV3.0;A70D;-25,753423;31,554392;Schultzendal - SQD_MP_G_146
TAPV3.0;A70E;-26,276181;27,771246;Mhlope - SQD_GP_G_381
TAPV3.0;A70F;-34,411012;19,174001;Onrusrivier_Exchange - SQD_WC_G_337
TAPV3.0;A710;-33,542997;25,654894;IGEN157_Addo_Wildlife_Herotel - SQD_EC_G_181
TAPV3.0;A711;-27,802218;28,417909;Reitz_Exchange - SQD_FS_G_143
TAPV3.0;A712;-33,643816;19,003583;Wellington_Exchange - SQD_WC_G_335
TAPV3.0;A715;-27,758;30,0283;Madadeni_B_Atlas - SQD_ZN_G_319
TAPV3.0;A718;-25,0955;30,415506;Mashishing_Secondary_School - SQD_MP_G_172
TAPV3.0;A719;-33,984268;18,47372;Clareinch_ETE - SQD_WC_G_322
TAPV3.0;A71A;-34,339413;19,031639;Kleinmond_Exch - SQD_WC_G_315
TAPV3.0;A71C;-26,258944;28,390304;Louis_Cronje_Park - SQD_GP_G_218
TAPV3.0;A71D;-25,162167;29,385465;Duiker - SQD_LP_G_115
TAPV3.0;A71E;-25,620682;28,079225;Rosslyn_ETE - SQD_GP_G_448
TAPV3.0;A71F;-28,852677;23,228898;Griekwastad - SQD_NC_G_10
TAPV3.0;A721;-25,9784;28,0939;Crowthorne_Atlas - SQD_GP_G_401
TAPV3.0;A722;-28,823038;21,999085;Groblershoop - SQD_NC_G_09
TAPV3.0;A723;-26,063978;27,940608;North_Riding - SQD_GP_G_385
TAPV3.0;A725;-32,154568;18,605351;Graafwater_Carrier -SQD_WC_G_343
TAPV3.0;A726;-26,38286;27,80967;Lawley_Primary_School - SQD_GP_G_432
TAPV3.0;A727;-25,580341;26,379179;Groot_Marico AP75_Herotel-SQD_NW_G_116
TAPV3.0;A72A;-29,748341;25,315082;Fauresmith_ETE - SQD_FS_G_149
TAPV3.0;A72B;-29,159092;26,194505;DeWet_Iclix - SQD_FS_G_129
TAPV3.0;A72D;-28,4844;28,8259;UOFS_Phutha_Atlas - SQD_FS_G_137
TAPV3.0;A72F;-26,343679;27,861566;Sharicrest_Primary_School_352581 -  SQD_GP_G_387
TAPV3.0;A731;-26,13845;28,02044;Braamfonteinspruit - SQD_GP_G_424
TAPV3.0;A733;-26,2041;28,2482;Laerskool_Goudrand_Atlas - SQD_GP_G_393
TAPV3.0;A736;-25,936572;28,145455;Headway_Hill - SQD_GP_G_366
TAPV3.0;A738;-25,697379;28,290654;Sonnitus_School_Helios - SQD_GP_G_556
TAPV3.0;A739;-30,270807;25,767178;Springfontein_Iclix - SQD_FS_G_138
TAPV3.0;A73A;-33,071146;23,481172;Beervlei - SQD_EC_G_65
TAPV3.0;A73D;-25,788983;28,283915;Garsfontein_West - SQD_GP_G_383
TAPV3.0;A73E;-26,3311;27,6579;Westonaria_Primary_School_Atlas - SQD_GP_G_439
TAPV3.0;A740;-32,990925;27,924003;Stirling - SQD_EC_G_164
TAPV3.0;A741;-33,500259;26,858821;Panarama - SQD_EC_G_116
TAPV3.0;A742;-26,168509;28,108664;Linksfield_Jasco - SQD_GP_G_403
TAPV3.0;A743;-26,2833;28,06376;Glenvista_Country_Club - SQD_GP_G_390
TAPV3.0;A744;-25,969631;28,050923;Kyalami_LP - SQD_GP_LP_431
TAPV3.0;A745;-25,9326;29,2478;Witbank_Tasbet_Park_Atlas - SQD_MP_G_179
TAPV3.0;A746;-26,124488;28,228755;Rhodesfield_Atlas - SQD_GP_G_415
TAPV3.0;A747;-25,79224;28,3104; Garsfontein_North_350530 - SQD_GP_G_572
TAPV3.0;A74C;-26,456869;29,46161;Bethal_Post_Office - SQD_MP_G_10
TAPV3.0;A74D;-26,243281;27,959286;Diepkloof_Zone_4_Atlas - SQD_GP_G_457
TAPV3.0;A74E;-26,02694;27,98575;Jukskei_Park - SQD_GP_G_395
TAPV3.0;A754;-26,153788;27,928249;SqwidNet_NOC_Office - SQD_GP_G_511
TAPV3.0;A755;-29,50826;31,19222;Ballito_Drive_351905 - SQD_ZN_G_400
TAPV3.0;A756;-26,799926;28,502742;Grootvlei_ETE - SQD_MP_G_194
TAPV3.0;A758;-34,02903;18,58868899;Western_Cape_Mobile_6 - SQD_WC_M_218
TAPV3.0;A759;-28,888044;31,494785;UBAMBISWANO_HIGH_SCHOOL_Atlas - SQD_ZN_G_308
TAPV3.0;A75A;-26,28136;28,23501;Groeneweide - SQD_GP_G_398
TAPV3.0;A75C;-29,560173;30,388593;Lotusville - SQD_ZN_G_234
TAPV3.0;A75D;-33,68117;26,666318;Kenton_Sea_Dect - SQD_EC_G_225
TAPV3.0;A760;-26,056847;28,085203;Woodmead_East - SQD_GP_G_384
TAPV3.0;A761;-29,849;30,87455;Moseley_Park_350792 - SQD_ZN_G_324
TAPV3.0;A763;-33,200704;20,859842;Liangsburg_Dorp_Herotel - SQD_WC_G_292
TAPV3.0;A764;-24,52502;31,42124;KNP_Mohlwareng_Koppie_CP - SQD_LP_G_148
TAPV3.0;A765;-29,931184;31,009626;Brighton_Beach - SQD_ZN_G_46
TAPV3.0;A767;-29,792991;30,761544; Greenvale_Tech5 - SQD_ZN_G_316
TAPV3.0;A769;-26,457328;29,624208;Davel_MW - SQD_MP_G_41
TAPV3.0;A76A;-26,196584;28,215972;Lilianton_350399 - SQD_GP_G_417
TAPV3.0;A76B;-25,292344;28,937638;Kwaggafontein_Atlas - SQD_MP_G_199
TAPV3.0;A76C;-25,992817;28,106918;Halfway_Gardens_Atlas - SQD_GP_G_557
TAPV3.0;A76D;-29,676067;31,107866;Shoreline_Tech5 -SQD_ZN_G_318
TAPV3.0;A76E;-26,2257;28,25328;Boksburg_High_School - SQD_GP_G_408
TAPV3.0;A770;-32,940828;28,024604;Gonubie_Exchange - SQD_EC_G_254
TAPV3.0;A771;-25,980429;28,199158;Ivory_Park_Secondary_School - SQD_GP_G_321
TAPV3.0;A772;-26,0818;28,1261;Marlboro_East_Atlas - SQD_GP_G_436
TAPV3.0;A773;-26,726483;27,837927;Eligwa_Park - SQD_GP_G_467
TAPV3.0;A777;-29,596793;30,408726;Willowton_Industrial - SQD_ZN_G_32
TAPV3.0;A778;-33,144265;27,677137;KiddsBeach_Herotel - SQD_EC_G_206
TAPV3.0;A779;-28,574011;25,308715;Merriesfontein_Farm - SQD_FS_G_60
TAPV3.0;A77B;-26,926289;27,47664;Sisulu_Dect - SQD_FS_G_139
TAPV3.0;A77C;-28,199786;30,160665;Sithembile_Atlas -SQD_ZN_G_373
TAPV3.0;A77D;-29,784926;30,915709;Vezamafa_Primary_Kwadabeka_Atlas - SQD_ZN_G_396
TAPV3.0;A77E;-25,67061;28,15637;Dorandia_ 350596 - SQD_GP_G_388
TAPV3.0;A780;-29,920741;30,938572;Yellowwood_Park_Atlas - SQD_ZN_G_407
TAPV3.0;A781;-28,26023931;28,63105774;Langberg_Nico_CP
TAPV3.0;A782;-29,762445;31,045479;Glen_Hills - SQD_ZN_G_193
TAPV3.0;A784;-26,369377;28,40431;Edalinceba_Primary_School_352539 - SQD_GP_G_480
TAPV3.0;A785;-32,949314;27,783372;El_Milling - SQD_EC_R_170
TAPV3.0;A786;-26,28598;27,71448;Bekkersdal - SQD_GP_G_394
TAPV3.0;A78B;-29,719113;30,840262;Windy_Ridge - SQD_ZN_G_152
TAPV3.0;A78C;-26,205648;28,047069;Sanlam_Center - SQD_GP_R_157
TAPV3.0;A78D;-29,7062;30,9433;Phumuzuzulu_Primary_Atlas - SQD_ZN_G_390
TAPV3.0;A78E;-29,50748952;31,21660466;Apex_Simbithi - SQD_ZN_R_203
TAPV3.0;A78F;-26,278745;28,167894;Junction_Hill_Ext - SQD_GP_G_369
TAPV3.0;A790;-33,783198;25,420915;Motorvia - SQD_EC_G_15
TAPV3.0;A791;-29,70464;30,98411;Whetstone - SQD_ZN_G_323
TAPV3.0;A792;-28,453742;29,566916;Tugela - SQD_ZN_G_41
TAPV3.0;A794;-31,2883;25,8135;NG_Kerk_Steynsburg_Atlas - SQD_EC_G_222
TAPV3.0;A795;-31,0666;28,3428;NG_Kerk_Maclear_Atlas - SQD_EC_G_221
TAPV3.0;A796;-30,870845;29,839117;Bizana - SQD_EC_G_81
TAPV3.0;A798;-28,10862563;27,9797557;KaalLaagte_Iclix - SQD_FS_G_173
TAPV3.0;A799;-26,294722;28,587508;Endicott_Exchange - SQD_GP_G_442
TAPV3.0;A79A;-26,002162;28,096472;Kyalami_Hills_LP - SQD_GP_G_335
TAPV3.0;A79D;-26,280139;27,963619;OAC_Comptonville_Hall_Atlas - SQD_GP_G_458
TAPV3.0;A79F;-26,235474;28,090809;City Deep - SQD_GP_G_312
TAPV3.0;A7A0;-27,403739;30,822191;Dumbe_Atlas - SQD_ZN_G_357
TAPV3.0;A7A3;-26,090979;28,694656;Botleng_Atlas - SQD_MP_G_186
TAPV3.0;A7A5;-30,264356;25,274556;Philippolis_ETE - SQD_FS_G_150
TAPV3.0;A7AA;-26,084239;28,050835;Morningside_Hills - SQD_GP_G_227
TAPV3.0;A7AC;-28,376422;32,412861;St_Lucia_Exchange - SQD_ZN_G_342
TAPV3.0;A7B1;-29,975974;30,853844;Umlazi_West - SQD_ZN_G_174
TAPV3.0;A7B3;-29,559173;31,093333;Tongaat MW - SQD_ZN_G_106
TAPV3.0;A7B9;-33,862247;25,599413;Swartkops_Dect - SQD_EC_G_229
TAPV3.0;A7BA;-30,007395;29,919628;Creighton - SQD_ZN_G_110
TAPV3.0;A7C1;-29,39131;30,14839;Ntaba_352128 - SQD_ZN_G_370
TAPV3.0;A7C5;-29,77751;31,02155; Greenwood_Park_350748 - SQD_ZN_G_364
TAPV3.0;A7C7;-29,630767;31,043901;Umhloti_Heights_Atlas - SQD_ZN_G_362
TAPV3.0;A7CC;-29,924931;30,914292;Bayview_South - SQD_ZN_G_48
TAPV3.0;A7CD;-24,933004;31,125013;Mathibela - SQD_MP_G_61
TAPV3.0;A7D3;-33,94452;25,49422;Kabega - SQD_EC_G_227
TAPV3.0;A7D5;-33,967853;25,440927;Butterfield_Road_Atlas - SQD_EC_G_244
TAPV3.0;A7D7;-32,262858;24,548112;Graaff_Reinet_Industrial_Atlas - SQD_EC_G_234
TAPV3.0;A7D9;-33,832592;25,395931;KwaNobuhle_2_Atlas - SQD_EC_G_245
TAPV3.0;A7DC;-25,187784;27,266392;Zandfontein_Dect - SQD_NW_G_91
TAPV3.0;A7DD;-25,83335;28,18165;Lyttelton_North - SQD_GP_G_411
TAPV3.0;A7EB;-24,202318;29,648036;Donkerhoek_Herotel -SQD_LP_G_141
TAPV3.0;A7EC;-26,662664;27,892066;Roods_Gardens_ETE - SQD_GP_G_468
TAPV3.0;A7ED;-25,667324;28,370375;Kameeldrift_Dect - SQD_GP_G_473
TAPV3.0;A7F1;-33,95016;22,475075;APK_George_Atlas - SQD_WC_G_339
TAPV3.0;A7F2;-26,220303;28,310459; African_Evangelical_Church_Atlas - SQD_GP_G_464
TAPV3.0;A7F4;-28,020218;32,269183; Hluhluwe - SQD_ZN_G_340
TAPV3.0;A7F7;-26,33409;28,39225;Langaville_Primary_School - SQD_GP_G_419
TAPV3.0;A7F8;-27,277122;28,494986;Frankfort_Exchange_ETE - SQD_FS_G_140
TAPV3.0;A7FA;-25,023521;31,925042;KNP_Muntse_CP - SQD_MP_G_154
TAPV3.0;A7FD;-27,67847;29,564698;Memel_ETE - SQD_FS_G_153
TAPV3.0;A7FF;-30,258482;30,711718;Amandawe_Atlas - SQD_ZN_G_369
TAPV3.0;A921;-26,21312;28,00525; Amalgam_350051 - SQD_GP_G_565
TAPV3.0;A924;-26,945351;24,733845;Vryburg_MW - SQD_NW_G_17
TAPV3.0;A926;-23,368515;29,326396;Dendron - SQD_LP_G_154
TAPV3.0;A929;-30,738254;30,42253;Lions_Grove_Atlas - SQD_ZN_G_410
TAPV3.0;A934;-26,265112;27,620176;Venterspos - SQD_GP_G_328
TAPV3.0;A935;-25,784635;29,467927;Meyer - SQD_MP_G_150
TAPV3.0;A937;-26,409508;27,829269;Ennerdale - SQD_GP_G_115
TAPV3.0;A938;-26,432322;28,509726;Alra_Park_ETE - SQD_GP_G_483
TAPV3.0;A93B;-26,246513;28,040002;Turffontein_ATE - SQD_GP_G_500
TAPV3.0;A93C;-27,457624;23,459899;Kuruman_MWT - SQD_NC_G_61
TAPV3.0;A93E;-29,69703;31,03156;Grove_End_350869 - SQD_ZN_G_399
TAPV3.0;A940;-28,896983;31,467263;Eshowe_ETE - SQD_ZN_G_351
TAPV3.0;A941;-29,702465;30,957335;Inanda_New_Town - SQD_ZN_G_60
TAPV3.0;B213;-33,970711;18,469384;Newlands_Herotel - SQD_WC_R_268
TAPMV3.0;C07C;-26,526707;28,036088;Highbury_Springbok_Rd_Atlas - SQD_GP_G_585
TAPMV3.0;C07F;-26,119968;28,45882;Holfontein - SQD_GP_G_176
TAPMV3.0;C080;-33,097763;27,781391;Winterstrand_AP_Herotel - SQD_EC_G_268
TAPMV3.0;C08B;-30,527827;27,371174;Sterkspruit - SQD_EC_G_243
TAPMV3.0;C09A;-25,72525;28,1793;Capital_Park_350598 - SQD_GP_G_583
TAPMV3.0;C09C;-28,408529;28,64351;Groenvlei - Nico_MN
TAPMV3.0;C09D;-25,579767;28,017575;Modisile - SQD_GP_G_554
TAPMV3.0;C0A9;-25,8192;28,15161;Valhalla_South_352453 - SQD_GP_G_569
TAPMV3.0;C0AF;-26,955628;24,720588;Vryburg_West_VB40_Truecom - SQD_NW_G_71
TAPMV3.0;C0B0;-32,953069;27,94498;Beacon_Bay_Complex_Temp - SQD_EC_G_264
TAPMV3.0;C0BA;-26,100435;28,117885;Alexandra_Helios - SQD_GP_G_566
TAPMV3.0;C0BC;-26,206817;28,037946;City - SQD_GP_G_541
TAPMV3.0;C0C1;-26,031026;27,878244;Honeydew_Atlas - SQD_GP_G_504
TAPMV3.0;C0C5;-33,950435;18,592956;Greenlands_Primary - SQD_WC_G_135
TAPMV3.0;C0CD;-25,762698;28,304495;Hoerskool_Die_Wilgers_Helios - SQD_GP_G_549
TAPMV3.0;C0D2;-26,26136;27,910667;W_Ngwekazi_School_Helios - SQD_GP_G_582
TAPMV3.0;C0DB;-26,02857;28,13355;Allandale_Road - SQD_GP_G_493
TAPV3.0;C99D;-26,09272;28,24823;Aston_Manor_350227 - SQD_GP_G_552
TAPV3.0;DB57;-26,150019;27,880512;Plover_Street_350329 - SQD_GP_G_459
TAPV3.0;DB59;-29,056102;23,775034;Douglas - SQD_NC_G_58
TAPV3.0;DB5B;-25,8995;28,13198;The_Reeds_350645 - SQD_GP_G_427
TAPV3.0;DB62;-25,867242;26,895674;Koster_AP39_TrueCom - SQD_NW_G_79
TAPV3.0;DB63;-30,207046;26,516733;Smithfield - SQD_FS_G_35
TAPV3.0;DB64;-26,2419;28,33773;Larrendale_351385 - SQD_GP_G_418
TAPV3.0;DB66;-26,241643;27,825923;Khulani_Primary_School_Atlas - SQD_GP_G_280
TAPV3.0;DB68;-26,173749;27,647125;Wheatlands - SQD_GP_G_508
TAPV3.0;DB6A;-25,770222;28,050739;Thoho_YaNdou_Primary_School_Atlas - SQD_GP_G_510
TAPV3.0;DB6B;-31,557104;28,677663;Umtata_Airport - SQD_EC_G_72
TAPV3.0;DB6D;-27,136517;26,722086;Toppie_Truecom - SQD_FS_G_113
TAPV3.0;DB6E;-31,182297;24,956305;Noupoort_ETE - SQD_NC_G_67
TAPV3.0;DB6F;-31,446956;27,327247;Indwe_LCOM - SQD_EC_G_153
TAPV3.0;DB71;-26,14337;28,14688; Dowerglen_High_School_351446 - SQD_GP_G_428
TAPV3.0;DB75;-23,870124;29,509483;Woodhill_Herotel - SQD_LP_G_153
TAPV3.0;DB76;-26,272102;27,976553;MEREDALE_EXCHANGE - SQD_GP_G_513
TAPV3.0;DB79;-27,978324;26,773022;Mothusi_ETE - SQD_FS_G_142
TAPV3.0;DBAB;-29,996062;25,808066;Bloemhof - SQD_FS_G_21
TAPV3.0;DBB0;-29,136807;26,239621;White_City_Atlas - SQD_FS_G_165
TAPV3.0;DBB1;-26,170557;28,145217;Bedfordview_ETE - SQD_GP_G_497
TAPV3.0;DBB2;-31,692366;25,179519;Doringberg_MW - SQD_EC_G_58
TAPV3.0;DBB3;-28,5959;29,9275;Ezakheni_A_Atlas - SQD_ZN_G_333
TAPV3.0;DBB6;-26,280595;28,0382;Glenanda - SQD_GP_G_135
TAPV3.0;DBB8;-27,555238;27,673872;EDENVILLE_EXCH - SQD_FS_G_147
TAPV3.0;DBD3;-32,726766;25,60747;Somerset_East_Dect - SQD_EC_G_238
TAPV3.0;DD22;-25,444611;27,831053;BK_Gama_Primary_School - SQD_NW_G_138
TAPV3.0;DD23;-25,676692;28,522405;Cullinan - SQD_GP_G_160
TAPV3.0;DD24;-25,867731;28,330204;Rietvallei_A_Dect - SQD_GP_G_506
TAPV3.0;DD25;-26,000829;28,31602;Bapsfontein_Elandsfontein Repeater - SQD_GP_G_478
TAPV3.0;DD2B;-26,232687;30,49355;Warburton - SQD_MP_G_43
TAPV3.0;DD2C;-25,99744;28,128383;Base station #DD2C
TAPV3.0;DD2D;-26,103824;27,92622;Glen_Dayson_Helios - SQD_GP_G_539
TAPV3.0;DD8D;-25,648306;28,098596;NHK_Hartebeeshoek_Atlas - SQD_GP_G_587
TAPV3.0;DD8F;-29,582296;30,280951;Mount_Michael - SQD_ZN_G_192
TAPV3.0;DD90;-25,720561;28,103705;Kirkney_Alfred_Boyes_Ave_Atlas - SQD_GP_G_586
TAPV3.0;DD91;-26,15878;29,70977;Hendrina_Church_Tower_350493 - SQD_MP_G_195
TAPV3.0;DD92;-33,017813;27,918338;Cascades_AP_Herotel - SQD_EC_G_261
TAPV3.0;DD93;-26,137432;28,433428;Daveyton_East_Atlas - SQD_GP_G_591
TAPV3.0;DD94;-25,357959;31,782163;Marloth_Herotel - SQD_MP_G_85
TAPV3.0;DD95;-27,962908;26,798961;Lephola - SQD_FS_G_02
TAPV3.0;DD99;-32,924892;28,038999;RainbowSeedlings_AP_Herotel - SQD_EC_G_266
TAPV3.0;DD9A;-29,840808;30,795566; Kwacutshwayo_Primary_Atlas - SQD_ZN_G_419
TAPV3.0;DD9C;-25,063816;31,067486;Kiepersol_Herotel - SQD_MP_G_96
TAPV3.0;DD9D;-25,023435;31,113705;Spesplan_Herotel - SQD_MP_G_102
TAPV3.0;DD9E;-31,361373;27,067609;Dordrecht_LCOM - SQD_EC_G_132
TAPV3.0;DD9F;-33,759981;24,828374;Patensie_Jenny  - SQD_EC_G_177
TAPV3.0;DDA2;-29,529858;31,204304;Ballito_Tech5 - SQD_ZN_G_423
TAPV3.0;DDA3;-26,158833;27,787455;Kagiso - SQD_GP_G_482
TAPV3.0;DDA4;-29,410845;31,227642;Komri_Sugar_Estate - SQD_ZN_G_189
TAPV3.0;DDA5;-26,147317;28,102342;FAIRMOUNT SA - SQD_GP_G_04
TAPV3.0;DDA8;-27,698807;23,045566;Kathu_ETE - SQD_NC_G_62
TAPV3.0;DDAA;-32,099778;28,304889;Idutywa - SQD_EC_G_241
TAPV3.0;DDAC;-30,017865;30,913418;Umbogintwini - SQD_ZN_G_55
TAPV3.0;DDAE;-27,97991;26,732008;Welkom - SQD_FS_G_01
TAPV3.0;DDAF;-25,679345;27,253824;Rustenburg MW - SQD_NW_G_06
TAPV3.0;DDB2;-29,445664;30,101264;Lidgeton_West - SQD_ZN_G_395
TAPV3.0;DE4C;-30,02689408;26,96388245;CIRTECH_LAB_1
TAPV3.0;DE51;-26,8615;28,2454444;Vaal_Marina - SQD_GP_G_356
TAPV3.0;E02B;-27,256354;25,021101;Amalia - SQD_NW_G_41
TAPV3.0;E02C;-26,971826;29,255712;Standerton_South - SQD_MP_G_47
TAPV3.0;E031;-28,617818;28,211735;Fouriesburg_Iclix - SQD_FS_G_96
TAPV3.0;E032;-27,915046;26,796733;Riebeeckstad_Iclix - SQD_FS_G_83
TAPV3.0;E033;-28,295523;27,945404;Paul_Roux_Iclix - SQD_FS_G_95
TAPV3.0;E034;-27,9621;26,739116;Dagbreek_Iclix -SQD_FS_G_166
TAPV3.0;E035;-25,76769;28,25195;Menlo_Park_Club_350491 - SQD_GP_G_571
TAPV3.0;E036;-26,257169;28,016342;Robertsham - SQD_GP_G_501
TAPV3.0;E038;-25,945144;28,097098;Holding_43_Blue_Hills_Atlas - SQD_GP_G_495
TAPV3.0;E040;-25,884904;28,108421;Heuweloord_Atlas -SQD_GP_G_496
TAPV3.0;E041;-33,316598;25,946201;Olifantskop - SQD_EC_G_57
